country,year,A005,A104,E040,A030,A165,G007_18_B,G007_33_B,G007_34_B,G007_35_B,G007_36_B,D078,D059,C001,E233,F199,A124_02,A124_06,A105,E124,E069_40,C002,A040,A098,E069_01,F028,F028B,F034,F050,F063,F203,F202,E220
AND,2005,1.6103523142592253,0.26277065531930555,5.6848088791943026,0.60059000207989,1.7985468234102324,2.5994634240314647,1.890379455789397,3.110660377510017,2.2961620626527637,2.2023793528821383,3.242069648335551,3.1255271742505037,2.013524855822236,9.57766971735767,1.1659082841273192,0.026216248195677066,0.024336963412727876,0.3506852475750221,2.215917181782636,2.412808222660033,1.8718448412103144,0.06873291798060502,0.4701936742299311,3.1494872563798197,6.612813772409713,,1.6604409267546372,,5.471484809574708,,,6.159807899458699
AND,2018,1.5249003984063745,0.1344621513944223,4.572709163346613,0.4402390438247012,1.7440239043824701,2.2798804780876494,1.7330677290836654,2.941235059760956,2.479083665338645,2.4073705179282867,3.346613545816733,3.3366533864541834,2.091633466135458,9.0,1.203187250996016,0.03884462151394422,0.026892430278884463,0.21912350597609562,1.7828685258964143,2.3276892430278884,1.9163346613545817,0.10358565737051793,0.21713147410358566,2.99601593625498,6.495019920318725,5.932270916334661,1.701195219123506,0.6424302788844621,4.7629482071713145,3.25199203187251,3.2768924302788847,6.138446215139442
ARG,2006,1.338011546565317,0.10311150884195595,4.810947601717456,0.5774105363383569,1.824597785244242,2.1160916473167957,1.8040230214100599,2.9545874335055244,2.366634011703004,2.439310268596583,2.9836007270692155,2.817209965317877,1.8412039055241793,9.419521349240044,1.1840594940325475,0.022824493851090515,0.027940277368601593,0.18360750092294428,2.6767711910933056,2.3302999131971873,1.3919633204553132,0.25619127775703676,0.5649588630451885,2.3556347019905757,5.0637821821575075,,1.2079225130534659,,8.405744713590696,,,
ARG,2013,1.5747619470735115,0.1339322466368299,4.287644673066679,0.4064700149400008,1.7995005378349824,2.1106375025614077,1.9435226588459797,2.9435847870049385,2.4342614000540617,2.45283680016525,3.0516549253391214,2.8885077410781204,2.0126302929687547,8.464622324152755,1.4612267297801975,0.009887332614796072,0.02793131813192144,0.21186238612790598,2.532599334908699,2.3283745521383232,1.6571036101225403,0.23220176886612243,0.5545330866718302,2.4608418093694255,5.141662116990026,4.370294952638539,1.3417951713667087,0.9295952852191427,7.46338183087661,3.157071906237198,2.925640262658656,6.536255852597427
ARG,2017,1.4909405815469925,0.08188732490868242,4.635823853064754,0.564639690913971,1.8002495228372277,1.9988972631850823,1.9781536485518785,2.8698495134661406,2.3541103849895704,2.431375189353569,3.167680100554978,3.1063603603651933,2.040868638025901,8.56471623029758,1.5191939132018544,0.027407756361294514,0.04123480154376912,0.12758829205835565,2.5185951933476467,2.203554243949898,1.5340789683786804,0.23950996162385754,0.49968599251523216,2.3345072898241956,5.166068851265787,4.248210327725661,1.298510423594955,0.9346383833466428,7.444774218574085,2.9741274430757043,2.6970946201726584,6.568820192505348
ARM,2011,1.3544872484784491,0.03300411064519196,3.87187602621323,0.8194823379731313,1.8867728894651907,2.1634199166105867,2.0478645984368873,3.2280548567759,3.3408818054295932,3.04142566015149,2.2869966187731046,2.2105387631120057,1.5371785072108017,7.85427808071828,1.5650896706913757,0.31802721001700673,0.18420095260614983,0.022327112602354985,3.0654261730170256,2.499408856725211,1.2691803996074629,0.3808250562570316,0.0402706536062028,1.8095783764155087,4.815871800132565,3.7143039023405233,1.1186929313944338,0.9686601914347391,8.499245153972193,1.7650787585078413,2.6297337108581202,6.749809016106328
ARM,2021,1.3187105366011531,0.1742306139524521,4.0432653820288005,0.7126404678433945,1.9149945548079295,2.197733778774155,2.0045380694344352,3.146722554668024,3.16720430416216,2.9355371702046855,2.569029991625069,2.3879657089260973,1.527377465664109,8.507815467587342,1.3244235283404548,0.2809000637316425,0.164593582205491,0.17667575128359483,2.807444526137365,2.492332144838938,1.2710227000176544,0.3352189689011108,0.27394358141374936,1.930028110596479,5.352255258102538,3.191178733081588,1.1893399236237787,0.9471781078910825,9.134090757633986,1.6566263313006753,2.3328694431793537,7.409937325937143
AUS,2005,1.8723556090067917,0.42654225315794864,4.298624636621968,0.4856831536553418,1.5388774222931323,2.115479601589886,1.6042355987436416,2.6266151089873735,2.257704241735965,2.236894524224907,3.0564539481321704,2.8962708360086817,2.073560363847484,9.170123996006733,1.3670751444372222,0.04517812640850018,0.05609996663872599,0.45212635227819287,2.0881986973676354,2.213133729663353,1.8017023228882334,0.20950897878639857,0.609505144394965,2.6981841601848515,6.089612469671154,,1.5763418047135647,,6.1258310217425,,,5.33176276900367
AUS,2012,1.8940959638119075,0.4048917091545342,3.894663462168083,0.5907453046883234,1.4804093290534766,2.2083146042355817,1.631650463249566,2.6662455542404775,2.368478366822446,2.3048854595263735,3.1838220361173994,2.96521222855921,2.1231839286691665,8.932342740966506,1.258790557797157,0.04980529202794319,0.10546194136334905,0.49065254794371943,2.135691860008711,2.187117191444741,1.708804649301415,0.15181906450983154,0.5682222600976486,2.854894127672007,6.2406314363982345,5.730421399298251,1.7453411703847859,0.6524534230613304,5.056334744180442,3.3926832890120364,3.2463316616683286,4.066628931253808
AUS,2018,1.89895429474507,0.40347984086623057,4.303490229393683,0.47448083195615104,1.5103592643515396,2.150789794219821,1.6575736746259877,2.6222117210024853,2.2454674811815525,2.2061388507223443,3.39224952079343,3.3087040049786567,2.0815984782799566,8.710733934627184,1.3311890411532903,0.038534210149966615,0.08867430187839595,0.4569821201773498,1.9620017898577204,2.4029303483045723,1.6791928674346468,0.13229774927729812,0.5358110148544327,2.8938427353777776,6.330185465849323,5.788423000275233,1.8349278415378514,0.5691727621613303,4.539739158319481,3.400799529741196,3.2588664107724914,4.046784955993607
AZE,2011,1.542838279928724,0.018955960198297452,6.546520082763419,0.7400519416288471,1.8429339050639186,2.546982183491725,2.6372328294816465,3.628066755023805,2.975886106452407,3.020718502845097,1.9941474400095698,2.0786533144158645,1.3393958257603138,7.006365567896641,1.8535711270031823,0.5809647921091333,0.4058779114835902,0.026328556884290772,2.130865290527421,2.69507681571689,1.2632436187494709,0.19410771207148478,0.0468085358134756,2.678806620580233,5.782958108772822,5.597315848510968,1.2693067765123451,0.997452976434279,9.760632723935952,2.087850361922899,2.6875275913131795,4.948388860124643
BFA,2007,1.1127770534550196,0.18383311603650587,4.970664928292047,0.8037809647979139,1.8533246414602347,2.0834419817470664,2.271838331160365,2.9889178617992176,2.4628422425032594,2.5893089960886573,2.0514993481095174,2.198826597131682,1.6049543676662321,8.329204693611473,3.6440677966101696,0.09973924380704041,0.11473272490221642,0.10234680573663625,2.378748370273794,2.035202086049544,1.3761408083441982,0.6805736636245111,0.7294654498044328,1.7803129074315516,2.4563233376792697,,1.1003911342894395,,9.107561929595828,,,6.567796610169491
BGD,2018,1.2216666666666667,0.145,3.348333333333333,0.5158333333333334,1.8708333333333333,1.8,2.1866666666666665,3.1216666666666666,2.8933333333333335,3.183333333333333,2.17,2.216666666666667,1.3108333333333333,8.8925,1.915,0.32166666666666666,0.4075,0.0875,1.9233333333333333,2.2725,1.1816666666666666,0.8491666666666666,0.5158333333333334,1.0725,3.295,2.375,1.0216666666666667,0.9983333333333333,9.660833333333333,1.1933333333333334,1.2883333333333333,6.42
BGR,2006,1.7469063545835435,0.04026629451081508,4.746007698221932,0.8698777256718826,1.7845038668232542,2.099960946053166,1.8740070424377033,3.018467939429929,2.6521962897541713,2.6552278842203374,2.9682297216429516,2.5109447864324634,1.990554122688394,8.705250019085916,1.7514988991308473,0.20059215585598714,0.17616346805521416,0.027394032515365287,2.957841449707122,2.7126583808722957,1.3223699095378603,0.18217070194147258,0.06248264560404887,2.3462494794455444,5.252108317724442,,1.4128525397173337,,5.688779710065528,,,7.064126015267253
BLR,2011,1.8477079069097395,0.07182337092159222,4.506454980210193,0.8762299489565923,1.6529288830004227,2.1940996642917874,2.021615337726835,3.056690032623525,2.70324297091962,2.700211502478188,2.3860237467976884,2.1451924838818615,1.9332602258840028,7.490478742878891,1.769021490952058,0.23104498983052432,0.3344703630976788,0.03573438741299893,2.229082864724804,2.3148458455909258,1.515040889762721,0.14403896986106868,0.15810694527949967,2.0345095678538643,4.910096031460473,4.879495643459555,1.42763778770366,0.859891911620812,6.511120491017127,2.9245961456464666,2.990866869593792,5.556675559333444
BOL,2017,1.2520561199806484,0.27866473149492016,4.378326076439284,0.4460570875665215,1.9138848572810836,2.8524431543299467,2.5345911949685536,3.5002418964683115,2.971940009675859,3.316884373488147,2.93807450411224,2.8664731494920175,1.8287373004354137,8.514271891630383,1.7513304305757136,0.05611998064828253,0.10546686018384131,0.2622157716497339,2.525399129172714,2.559264634736333,1.1848089017900338,0.4160619254958878,1.1136913401064343,2.373971940009676,3.547653604257378,2.6439283986453797,1.154329946782777,0.9777455249153363,9.239477503628446,2.366231253023706,2.2375423318819547,6.75229801644896
BRA,2006,1.3597925392165968,0.2304102415671807,4.7043925036486,0.6112057911035368,1.9070111434391086,2.510848563132115,2.3131574229474063,3.356611795471056,2.6021741838260657,3.147457212203423,2.8348662492107,2.7692158264627342,1.9136135789109139,8.46170237506381,1.569585402433168,0.04392456848603453,0.06739451460843883,0.34254206059663517,2.6045629276349658,2.2110380311169577,1.2753911579687074,0.557089011432879,1.2637075029034,2.0131554069475674,3.6106329591493633,,1.1331869573450435,,9.61843851452492,,,3.979440077644794
BRA,2014,1.3878778136710694,0.16299665368990404,4.19420928232951,0.641282368885828,1.9293621602743154,2.554074167099343,2.459154411110289,3.3779851081419094,2.522094075502321,3.03780213039682,2.859437854167675,2.823358367713227,1.9308565357196932,8.486075986084465,1.3888562254760988,0.01926747702773812,0.02635562277592076,0.24131337870963027,2.8063027405303758,2.3852727942590204,1.3306106362678145,0.49797903069935207,1.2126691597930819,2.1922182332833944,3.5639979850095007,2.4731469253595764,1.1951455871375574,0.9863723410525114,9.50420958832546,3.0128661071607663,2.5528120009314206,4.026850739849129
BRA,2018,1.437726305409642,0.12653000101923953,4.610109717538758,0.552970949823569,1.9336246407541087,2.5411770001335476,2.3794298231457978,3.1953865986728713,2.5321595987314347,2.904658237877269,2.967555058471426,2.9944075169308886,1.9237920713471977,8.174241142580724,1.378471076250926,0.013797241438091511,0.025586321093978223,0.164750675903814,2.7336513978487758,2.2508126802067996,1.492540674106822,0.36335913161224404,1.1074270188551705,2.2487211858465583,3.8499798470484654,2.7676862968391536,1.2716301306179931,0.9743080886658585,9.035065553945499,3.0561218721246632,2.5780204973556273,4.26477164525718
CAN,2006,1.6954337647897522,0.4773277088823766,4.007557449087883,0.5414300621751887,1.5736271875261436,1.9708447248939795,1.571797850207324,2.5998538263416644,2.198743884209284,2.2412510921678486,3.1857788774154736,3.0268557432450636,1.9363582266468398,9.103667888916654,1.1603720611420716,0.022154289505753856,0.04200919317642724,0.5816856056475189,1.8738782883090572,2.0982013492335345,1.720810534852753,0.304104687618111,0.7826495841030774,2.2986801155870413,5.120238925709106,,1.3991586903046904,,7.172214244010662,,,6.249879221004056
CAN,2020,2.0542900713893584,0.3863685640355864,4.909750617863039,0.4738919029318739,1.533069860467487,2.0674427704312928,1.6310207917006032,2.5742160090715474,2.1221364062710406,2.08061689879079,3.26145725489337,3.2582743114643953,2.059534677537134,8.788002358670925,1.5941860777880346,0.04488642527023135,0.08760531425522526,0.33695147038068946,1.9948413415853836,2.366966224275313,1.923597091652134,0.12419337312136125,0.47587493001291226,2.734100763379897,6.449382951794081,5.454949726426026,1.8329391448160233,0.5847613811467567,4.955796058287549,3.320395275401306,3.2798932566973966,4.2045842455362115
CHE,2007,1.5592336551575852,0.4549149739793877,5.257374780167674,0.2025881390045827,1.4635356699350976,1.9632064075948827,1.6899531712658087,2.5585310015419385,2.2813550788591788,2.2413527550876613,3.288896410422885,3.1875033711226086,1.9286476277891116,9.379154501962232,1.461143718713155,0.05424596259304006,0.06942247343866424,0.45198509680668325,1.7918632211227463,2.2941191767552294,1.680070157625851,0.1258530673177664,0.7596335641648227,2.6110571790138195,5.4434044604866,,1.4334386644001125,,6.399230569580952,,,
CHL,2006,1.474313856087262,0.18578113521796244,5.119580028576902,0.27187821795330197,1.8762945551962003,2.428131781547248,2.302327668628022,3.3033304826831764,2.784825268165389,2.9134919812420583,2.7935908836474983,2.492144116067926,1.9327170852994395,8.498032276391775,1.3848842731686348,0.08534220269382115,0.09468579720771884,0.2936939301531661,2.5114162891278964,2.2281427965478535,1.327114924991321,0.3966395008151725,0.6671689216942908,2.0746637881065086,4.877280411250423,,1.3848702801678654,,8.730314377167291,,,7.558059262693258
CHL,2012,1.545,0.099,4.83,0.305,1.87,2.247,2.133,2.992,2.573,2.633,3.148,2.957,2.057,8.559,1.291,0.056,0.076,0.191,2.472,2.208,1.484,0.275,0.617,2.376,5.08,3.138,1.522,0.924,8.217,3.087,2.731,6.953
CHL,2018,1.7032205401797975,0.19554241553857699,4.5957570873095035,0.28211717971365524,1.8664252102890297,2.2459042126245854,2.395635669366138,2.9915581997211445,2.706675192983971,2.7339733155012422,2.9051853155599736,2.801465907261284,1.880634530455757,7.27765669850324,1.9583891801740938,0.06902544659827724,0.13162582609420545,0.17501106125113614,2.6192263217442258,2.291150067257121,1.6273364535677348,0.10302958405305684,0.562302284675555,2.6433766243469456,5.152494666546254,4.822076550472942,1.5912387451537082,0.8617801911407726,6.528085412151755,2.9259432403594894,2.8367167813113223,6.052212914136411
CHN,2007,1.6479162138498213,0.11137855215295962,3.6454956116252877,0.8343201411410556,1.470354300675164,1.9022074800735758,1.9831310697124926,3.1031460960511064,3.082413611245084,3.1916466063785833,2.6266763141738396,2.4236824490628774,1.8493606389715358,9.016172737917666,1.6461606397558652,0.12629736439757328,0.17227806683442332,0.15078553832718555,1.8515382030228318,2.0836449065814864,1.548519945546077,0.024494788193841013,0.13262566328051628,2.7843329685645384,5.647935895919251,,1.9351916555611752,,3.5414975984419743,,,5.674539741383464
CHN,2013,1.8004758436455537,0.02427165705361173,3.6913331103814526,0.7531847447382993,1.3665182422919202,1.962269384872774,2.0867232909673286,3.0862995774949624,3.0593672422174993,3.081928192338391,2.5946663739002944,2.4264701062404166,1.7838825299633736,8.688936745197402,2.4008210183364036,0.10477295115098502,0.12237316960176461,0.023055029244451766,1.97697632379859,2.1603876925511276,1.4950335261560554,0.01151042027463763,0.053948364032022765,3.054541167936819,7.530212808710083,7.364732101012423,2.1504970300800412,0.1874699178265055,3.4872377397427794,3.344552489988835,3.4788019359471036,5.518844555389989
CHN,2018,1.6899856575068188,0.04889148471815456,3.715669937065933,0.7067824493964626,1.3587022004030278,2.0115397860456357,1.9818762157075316,3.05062328014475,3.03127768098399,3.0892146336062205,2.6945845082231092,2.4554603388282095,1.613380830679954,8.891734804448285,1.5538753178063602,0.18338369203366242,0.2621630445171314,0.034298012951053156,1.8296762263985065,2.157717616360948,1.3339815631208511,0.011167653311194,0.07205271556963667,3.0156856084424923,7.467978071827759,7.78721491779528,2.182648079067933,0.17076841127547693,2.7652629468057035,3.2612399763502116,3.430484935081106,5.470300538193437
COL,2005,,0.07504132231404959,4.87603305785124,0.18975206611570247,1.856198347107438,2.4396694214876034,2.259173553719008,3.289586776859504,2.851900826446281,3.0092561983471073,2.906115702479339,2.7586776859504134,,,1.2376859504132232,0.04297520661157025,,0.10446280991735538,2.6598347107438016,2.4039669421487604,,0.47702479338842974,0.7342148760330579,1.713388429752066,3.683305785123967,,1.205289256198347,,9.673388429752066,,,7.332231404958677
COL,2012,1.257936507936508,0.2275132275132275,4.800264550264551,0.13558201058201058,1.958994708994709,2.566798941798942,2.3703703703703702,3.414021164021164,3.0416666666666665,3.1785714285714284,3.0304232804232805,2.9074074074074074,1.9001322751322751,7.896825396825397,1.3902116402116402,0.032407407407407406,0.046957671957671955,0.21957671957671956,2.8333333333333335,2.007936507936508,1.2638888888888888,0.6031746031746031,1.1686507936507937,1.8293650793650793,3.789021164021164,2.3994708994708995,1.1792328042328042,0.9861111111111112,9.628306878306878,2.5846560846560847,2.316137566137566,6.857142857142857
COL,2018,1.3177631578947369,0.4118421052631579,4.8822368421052635,0.24605263157894736,1.9546052631578947,2.6473684210526316,2.456578947368421,3.300657894736842,2.9125,3.0789473684210527,2.9032894736842105,2.8105263157894735,1.882236842105263,7.135526315789473,1.5526315789473684,0.10197368421052631,0.14078947368421052,0.42105263157894735,2.8401315789473682,2.5375,1.381578947368421,0.4664473684210526,1.0032894736842106,2.186184210526316,3.955263157894737,2.2532894736842106,1.2828947368421053,0.9638157894736842,9.313157894736841,2.607236842105263,2.4236842105263157,6.946052631578947
CYP,2006,1.5974438896669043,0.21488204695531318,5.042704630269443,0.4555139743035348,1.9015124955422635,2.468614625831827,2.0334610085167104,3.4364660015145705,2.9970807317273054,2.966190099251862,2.9131522429347525,2.726867755151914,1.8043745705061365,8.89053320691434,1.7136325884431765,0.15622016161993071,0.21233166900071324,0.20518941206168054,2.270947825784265,2.2577841180925207,1.3052180739541588,0.42163541548958383,0.2706933220838143,2.1546676699043315,4.302544906528373,,1.4048234531709012,,8.692989196337964,,,4.352043162457692
CYP,2011,1.4299600031171207,0.15175801812593626,5.352341728387032,0.4078873467866114,1.9217806922530705,2.2798375327172766,2.03261120414676,3.366760601676544,2.9687666651887876,2.9534984279353287,2.864655185995104,2.823377634398071,1.9465743571844012,8.319947027702195,1.3713021628198991,0.24826683435932226,0.3545001062512062,0.18286813400219054,2.6360160927793177,2.2154863147480954,1.280383098772374,0.37417581901021046,0.2992726917380493,2.1385149806564394,4.288996648959519,3.9371222327736795,1.2281761868668928,0.974192147450651,8.625533248809338,2.4357042989682,2.599089606186032,6.122078570847385
CYP,2019,1.6006569739999998,0.20696993599999997,5.522246672999999,0.778586496,1.9335150320000003,2.1716352879999996,2.0343129619999996,3.3248477080000005,2.9393782649999998,2.952140956,2.927322326,2.843635288,1.80159586,8.602994825000001,1.254111878,0.15623213399999997,0.20435855099999994,0.23841448999999998,2.21280828,2.358878758,1.3489408579999997,0.4896621489999999,0.3558735829999999,2.1899812720000003,3.6798755549999997,3.061106703,1.220227945,0.9527979299999999,8.023376293,2.247747166,2.495757516,6.261749383
CZE,2022,1.9499984011666507,0.08599155002658217,5.525282102752821,0.23152503981525038,1.6306260346395935,2.1141118744744523,1.8569604194029374,2.7536519875365197,2.596165886794992,2.6677850108445167,2.607877239412106,2.5440370579403706,2.024026629406933,8.276427030264271,2.065963752326304,0.2049536112162028,0.3374603833746038,0.04466220127995535,2.4608961079422946,2.4162328616623285,1.4641240179745734,0.06350928396842617,0.09882675598826755,2.839222945058896,6.602217283522172,6.689657870229912,1.9605526937721938,0.2537848525378485,4.193162999431629,2.9039133332058,3.1511342390113426,5.561993343953266
DEU,2006,1.7003218007346956,0.1284345787549242,4.777536576382929,0.25980079517918625,1.6323310345198077,2.1330168966976073,1.8215511162301874,2.9565295812902175,2.700927770710909,2.725961954953517,3.243568419293599,3.156351060549372,1.9710965501579092,9.185011894106399,1.7520994052117584,0.07225694073890697,0.1326436340914851,0.15187734338456613,2.1913838482367134,2.298899916300337,1.6056287242669889,0.0932748094752981,0.4932441740094249,2.7884878814015903,4.864344321260447,,1.767541634759992,,4.498982839364401,,,4.959847124976842
DEU,2013,1.8332643642078292,0.12032190544872412,4.6056671185680935,0.17942196449725678,1.548234815110123,2.169792120096624,1.933886550560214,2.846730293583079,2.4865205185722097,2.5030116414411383,3.0121697749509866,3.079772816250443,2.081384717003307,9.119097209967451,1.6726563206802132,0.14830570992800038,0.21369000102320138,0.18843109923169568,1.8342266584230764,2.1342336266047686,1.822358683075625,0.12077665763991381,0.6230147497304274,2.731451869959082,5.725748790394573,5.704741991165467,1.5882656144839553,0.6440249653817578,5.267802243935151,2.891068263455755,3.3133730915958926,4.652175294168874
DEU,2018,1.7977748691099475,0.17081151832460734,5.300392670157068,0.39659685863874344,1.5412303664921465,2.056282722513089,1.7918848167539267,2.81151832460733,2.4096858638743455,2.3723821989528795,3.3612565445026177,3.3704188481675392,2.0333769633507854,9.582460732984293,1.1066753926701571,0.0274869109947644,0.03926701570680628,0.21596858638743455,1.7244764397905759,2.274869109947644,1.9077225130890052,0.09489528795811518,0.7015706806282722,2.766361256544503,5.968586387434555,5.580497382198953,1.630890052356021,0.5942408376963351,4.928010471204188,3.4358638743455496,3.369764397905759,4.194371727748691
DZA,2014,1.3908333333333334,0.03666666666666667,4.093333333333334,0.595,1.8158333333333334,2.2958333333333334,2.3208333333333333,3.3358333333333334,3.325,3.256666666666667,2.165,1.8408333333333333,1.5941666666666667,7.385,3.245833333333333,0.1975,0.28,0.07916666666666666,2.3033333333333332,2.615,,0.6466666666666666,0.11416666666666667,1.9125,4.065833333333333,2.316666666666667,1.1616666666666666,1.0,9.5675,1.2916666666666667,1.3133333333333332,5.3225
ECU,2013,1.1697171381031615,0.11064891846921797,3.6405990016638934,0.44342762063227953,1.9276206322795342,2.5582362728785357,2.6647254575707153,3.2853577371048255,2.861064891846922,3.0632279534109816,3.031613976705491,2.9151414309484194,2.004991680532446,7.944259567387687,1.6697171381031615,0.3452579034941764,0.34608985024958405,0.09400998336106489,2.262895174708819,2.504991680532446,1.464226289517471,0.49001663893510816,0.5124792013311148,1.757071547420965,3.399334442595674,2.6164725457570714,1.29783693843594,0.9725457570715474,9.296173044925125,2.796173044925125,2.4051580698835275,7.146422628951747
ECU,2018,1.2325,0.29583333333333334,3.8991666666666664,0.2891666666666667,1.9408333333333334,2.755,2.6575,3.529166666666667,3.135,3.265833333333333,2.9625,2.888333333333333,1.8533333333333333,7.549166666666666,1.8675,0.06,0.10416666666666667,0.28,2.526666666666667,2.2216666666666667,1.2825,0.4825,0.835,1.8691666666666666,3.8125,2.5441666666666665,1.2475,0.9791666666666666,9.233333333333333,2.4316666666666666,2.3066666666666666,6.5925
EGY,2008,1.5546911665360874,0.13595857866127317,2.4322331428235215,0.569710468786239,1.8151071360098916,1.572584760504239,1.6658777880447904,2.9028216807378033,2.7951081864130423,3.1724400681405576,1.5354658052737213,1.360177345775795,1.1755328449462017,7.751560954528736,,,,0.040644401654240714,,1.6820474990175427,1.0395034236101401,0.8978735119228479,0.023826289499209827,,3.615549577440526,,1.0743243939093965,,9.908186398554589,,,5.516882965809804
EGY,2013,1.6470438836282313,0.008136112545018899,2.682922782105474,0.5042246974337473,1.7849910923805978,1.566835057531872,1.4343865044581652,2.857586274718452,2.760301643793815,3.277524380000473,1.7226179095527856,1.6098652071436899,1.222765273629767,7.444553261029292,3.2894088646573563,,,0.009601452592970428,3.1789731240544734,2.4448334888556498,1.276342026806981,0.8336402949075893,0.011837539813433747,1.907080246082168,4.204336159608314,,,,,,1.3177123439310563,4.772029288668327
EGY,2018,1.4391666666666667,0.12,3.8766666666666665,0.6025,1.9266666666666667,1.81,1.66,3.0975,2.5308333333333333,3.1483333333333334,1.935,1.7441666666666666,1.1508333333333334,7.199166666666667,2.5508333333333333,0.165,0.2,0.0725,2.7825,2.5008333333333335,1.0433333333333332,0.8175,0.024166666666666666,2.0275,3.1041666666666665,1.4233333333333333,1.2666666666666666,,9.9575,,1.1866666666666668,4.754166666666666
ESP,2007,1.654390987936713,0.09967162095647547,4.189023112449666,0.6262815318110921,1.8013434911628576,2.0839060685352244,1.7457836453311328,2.8815669860790467,2.6322326212461005,2.5757821924150113,3.3290603266023773,3.2496619897100874,1.8889774499667897,8.937048973606636,1.5189043637441968,0.0680039078318679,0.06506087560217165,0.14489742899679747,2.3178206058172726,2.3234272787147705,1.5077497012605288,0.11244142450113247,0.3029913363782489,2.841629392722311,5.917854572471202,,1.6207555922166528,,5.347107344834746,,,6.167888437041836
ESP,2011,1.5731672002198747,0.04779162643808258,4.293488973204308,0.6660906585990791,1.8052426788256468,1.960627091740206,1.7340600860439435,2.7677787728818655,2.5587380352588673,2.549544955516149,3.145587736096873,3.0883541569405497,1.9340872695565536,8.888844473792314,1.290694013036562,0.04847276093104612,0.07510423323091163,0.11325376231309055,2.451568350502677,2.2976530871343583,1.580213446722006,0.10615956375560663,0.23907155185851117,2.9740814796833384,6.157774658239756,6.2405553582576605,1.6670851858250724,0.7560993654021714,5.088465450452445,3.026108273870507,2.8037440784836116,5.307079475514506
EST,2011,1.7087063482739624,0.11067288926100571,5.13099257635111,0.8748084946226427,1.6000018790606236,2.1213009777402263,1.8448266270553784,3.0173162227079247,2.6784064343993355,2.4865883127566843,2.732467026807646,2.499094036549774,2.0502105155204453,8.613997203603455,1.4424739830110145,0.2541302742071564,0.3747665709445119,0.06738194371103322,2.335848258043809,2.141367994255374,1.336922689200671,0.18754083341396716,0.1804554839298849,2.3102802905743447,6.386836196899916,6.591389369793061,1.7498782775630388,0.49888653035737635,4.321080966133886,2.9912584300699367,3.3334745346783214,5.010647131531636
ETH,2007,1.132,0.31133333333333335,4.146,0.5446666666666666,1.7566666666666666,1.878,2.203333333333333,2.9186666666666667,2.6486666666666667,2.8726666666666665,3.0986666666666665,3.0613333333333332,2.025333333333333,9.050666666666666,1.5693333333333332,0.166,0.14733333333333334,0.412,2.8593333333333333,2.4273333333333333,1.612,0.41333333333333333,1.0886666666666667,2.1906666666666665,2.279333333333333,,1.1893333333333334,,9.218666666666667,,,3.5766666666666667
ETH,2020,1.0975609756097562,0.2121951219512195,2.259349593495935,0.6382113821138211,1.8804878048780487,1.9024390243902438,2.2886178861788617,2.6642276422764226,2.575609756097561,3.0495934959349595,2.794308943089431,2.653658536585366,1.5365853658536586,9.202439024390245,1.7211382113821139,0.16585365853658537,0.16178861788617885,0.3056910569105691,2.5097560975609756,2.0235772357723576,1.2902439024390244,0.6341463414634146,1.5471544715447154,1.3821138211382114,1.7634146341463415,1.6813008130081302,1.0699186991869918,0.9991869918699187,9.821138211382113,2.397560975609756,1.3829268292682926,5.0495934959349595
FIN,2005,1.7350905560701284,0.1556431469141666,3.598790672519649,0.14656949259251661,1.4107856437307396,1.7869578312302465,1.6144715156267997,2.540778535260694,2.1453426700707374,2.234782469771251,3.0583170677442713,3.0356141449875422,1.9931639161121641,9.205502831553716,1.2684082549771125,0.11402457353124493,0.15859748150298777,0.29022557755332934,1.5841873425051793,2.3843534369176536,1.598142448690416,0.12008748309667361,0.9665312165187905,2.2923661067201473,5.722732686023375,,1.4313709169689675,,6.0429756718332595,,,5.740506227998062
FRA,2006,1.4019476791344996,0.1654119012566267,5.329695937370502,0.6222174918636588,1.8113569986808182,1.8720122039001854,1.3813300106586515,2.684675917874857,2.007901217837471,1.990639230703771,3.3843070676225278,3.2056532282113617,1.9001894148864396,8.648116986550269,1.2779239559894784,0.2262179516318938,0.36517093961658004,0.2950790530125409,,2.236878440217932,1.6928718470031,0.08732789072057466,0.143310690312862,2.6827298369421673,6.527944456239372,,1.6955162266419717,,4.674439965755325,,,
GBR,2005,1.9454180190718333,0.383540774307739,4.559554527137988,0.4347760539195938,1.6961262061658506,2.03720386242198,1.5110723032973281,2.63059823078056,2.1311654598986305,2.16798123777868,3.0197027746529863,2.9181015487801463,1.9182437255361366,9.057210169261685,1.3172049381952966,0.048194031711887284,0.14164747932237953,0.5196657962660728,,2.0855477385172936,1.573805906868323,0.18786748793968994,0.5601702552964222,2.5432051867505368,5.847440172714931,,1.6176004216807,,5.611057801952175,,,
GBR,2022,2.0503413331788587,0.4454405984298691,4.547105657563153,0.4827654966885126,1.5398749215836123,1.9665360749200358,1.5267108657501538,2.54539310732677,2.034476653996706,2.0201616362204313,3.4284971259448933,3.3426385355739554,2.0473420965973355,9.072783951546821,,0.014857731407050191,0.048143369421129754,0.4302890468136723,2.0610835210984546,2.10697482481233,1.907830704606681,0.08801232224334321,0.5105067327871968,2.6422386556203987,6.4394700114273995,6.0837212705322035,1.898952521872369,0.49522711487448823,4.0680051911823245,3.405004549457205,3.2750311300947197,3.980682688726439
GEO,2009,1.3326666666666667,0.008666666666666666,4.666,0.8946666666666667,1.82,1.816,1.8746666666666667,3.002,2.6933333333333334,2.4386666666666668,2.1226666666666665,2.078666666666667,1.688,9.224,1.1626666666666667,0.24266666666666667,0.23866666666666667,0.006,2.858,2.497333333333333,1.2146666666666666,0.6726666666666666,0.106,1.3933333333333333,4.293333333333333,,1.0373333333333334,,9.205333333333334,,,5.950666666666667
GEO,2014,1.4267886855241265,0.009983361064891847,5.187188019966722,0.913477537437604,1.9118136439267888,1.8768718801996673,2.0757071547420964,3.0540765391014975,2.712978369384359,2.5374376039933444,2.3519134775374377,2.237936772046589,1.637271214642263,8.035773710482529,1.1688851913477538,0.3211314475873544,0.3277870216306156,0.004991680532445923,2.6023294509151413,2.3186356073211316,1.2520798668885191,0.6356073211314476,0.27870216306156403,1.521630615640599,4.265391014975042,3.5615640599001663,1.0299500831946755,0.9933444259567388,9.165557404326123,1.6630615640599002,2.115640599001664,5.251247920133111
GHA,2007,1.077574967405476,0.2796610169491525,2.59387222946545,0.7913950456323338,1.9146023468057367,2.2633637548891787,2.243155149934811,3.1160365058670143,2.5013037809647978,2.8559322033898304,2.0958279009126466,1.8983050847457628,1.5541069100391134,8.490221642764016,2.4432855280312906,0.2242503259452412,0.258148631029987,0.2953063885267275,1.8428943937418514,2.064537157757497,1.2099087353324642,0.7262059973924381,1.6440677966101696,1.422425032594524,2.1003911342894392,,1.089308996088657,,9.779009126466754,,,6.32529335071708
GHA,2012,1.0676627778946195,0.18695333473543566,3.0118727653994135,0.8548646249582463,1.949690558077965,2.4394392312355406,2.356182961982408,3.203456903910628,2.6407334438519876,2.9761346203807943,2.0927011295171405,1.7848427583476638,1.5732995385433803,7.848483255186748,2.113486781061722,0.19850289492892578,0.20215480446858258,0.13557607848473974,1.789448045922975,1.9479036508270342,1.193579814675063,0.7062026017245859,1.6270683586742711,1.4678774232658263,2.2948288713488636,1.5688086872610758,1.0326383132708985,0.9967439781766896,9.66571380410981,2.546308810975987,1.646119681805248,5.961646831042546
GRC,2017,1.3600484294793789,0.07862007324361954,5.261718153413165,0.7443990450314389,1.9141567618525304,2.300733623382057,1.9425471005015635,3.29286473280857,3.0796624803561725,3.0786867419876063,2.9805902547717915,2.942936595837393,1.8143935776995281,9.38488145099135,1.1316508090751318,0.24543985203748017,0.2581930750271297,0.058422440734885527,2.535808186233395,2.5297526008460753,1.4268542660590504,0.33478639612456257,0.07972304028425571,2.1676952715934434,3.9030475651944077,3.3444288279251633,1.1828938630871266,0.93714729133574,8.108916986500018,2.6015529468191807,2.944224390385477,6.156001035835887
GTM,2020,1.4597233523189586,0.402766476810415,4.510984540276648,0.6786004882017901,1.8201790073230268,2.5410903173311636,2.2131814483319774,3.1668022782750205,2.6680227827502034,2.8763222131814485,3.097640358014646,3.016273393002441,1.951993490642799,6.934906427990236,1.871440195280716,0.3018714401952807,0.29454841334418225,0.4141578519121237,2.6558177379983725,2.6745321399511797,1.5760781122864118,0.6484947111472742,1.2953620829943042,1.9170056956875507,3.3905614320585844,3.045565500406835,1.371847030105777,0.9641985353946297,8.615947925142391,2.808787632221318,2.545158665581774,6.562245728234337
HKG,2005,1.9161341853035143,0.05591054313099041,,0.18610223642172524,1.5910543130990416,,,,,,,2.6549520766773163,2.1317891373801916,,,0.26757188498402557,0.20527156549520767,,2.094249201277955,,1.512779552715655,0.011980830670926517,,,6.5870607028754,,1.781150159744409,,4.281150159744409,,,
HKG,2014,1.931,0.249,3.979,0.58,1.516,2.187,1.793,2.924,2.56,2.607,2.724,2.668,2.032,7.861,1.941,0.188,0.211,0.287,2.163,2.19,1.316,0.109,0.449,2.37,6.398,6.456,2.354,0.583,4.848,2.673,2.811,6.03
HKG,2018,1.928659843301153,0.24443651708732797,4.636756616282388,0.5171267824557126,1.6353622920001403,2.274875477812149,2.0069693206884405,2.898488736541649,2.5383235951120304,2.573956384547265,2.7849345419929477,2.7647290815866095,1.8992024507303122,7.881112189758456,2.0005643845560095,0.10945223085538171,0.08961811790424785,0.21873739280170296,2.2171732834659226,2.3378125100237943,1.2365663892055687,0.08445538943357013,0.4142918101340103,2.4596467037633585,6.405264670731708,6.399274168317839,2.3752727148084993,0.5329353721924334,4.8440572837529166,2.8505163760277856,2.94878244587944,5.918956048021977
HTI,2016,1.4173346693386772,0.018537074148296594,8.628256513026052,0.7840681362725451,1.782565130260521,2.9193386773547094,2.708917835671343,2.9609218436873745,2.469939879759519,3.061623246492986,2.1718436873747495,2.784569138276553,1.8562124248496994,6.341182364729459,4.761523046092185,0.062625250501002,0.01503006012024048,0.01903807615230461,3.095190380761523,3.188376753507014,1.7700400801603207,0.12324649298597194,0.4789579158316633,3.248997995991984,4.600701402805611,1.7665330661322645,1.1047094188376754,0.9574148296593187,8.38376753507014,2.964428857715431,2.593186372745491,5.8892785571142285
HUN,2009,1.6217399723543795,0.08732508742743203,5.057478968587618,0.41284184057471673,1.7098148840040084,1.9059130208887358,1.8884874322012297,2.8180026593862673,2.208151576673617,2.3466077519238477,2.8587790412645786,2.733617851966439,2.1076755926669004,9.055482229781227,1.2407891423548356,0.15663699233067835,0.2375408355382828,0.02429597888058017,2.6312659325283767,2.4839158169582185,1.3879521059905926,0.16077667748903332,0.18702605753993382,2.5812571952394943,6.084015414176594,,1.5741284425864819,,5.386143553875295,,,5.696442360813441
IDN,2006,1.1662531017369726,0.4327543424317618,3.4923076923076923,0.5940446650124069,1.5692307692307692,2.113151364764268,1.9553349875930521,3.0039702233250622,2.6779156327543423,2.798511166253102,2.5607940446650126,2.2560794044665013,1.5275434243176178,8.070471464019851,1.3533498759305211,0.3086848635235732,0.34392059553349874,0.5141439205955335,2.1186104218362285,2.105210918114144,1.1935483870967742,0.9062034739454095,1.054590570719603,1.3692307692307693,2.6962779156327543,,1.1607940446650125,,9.572208436724566,,,5.190570719602977
IDN,2018,1.0842871043330504,0.4290481798711369,3.9570370292310177,0.40575453681114193,1.9536268148197846,2.321865321232319,2.488491844877726,3.4046978924249145,2.8900610150818977,3.138612583035258,2.21108987349283,2.066004269451295,1.2912824434073757,7.5262418355913185,1.65618448165946,0.09086448815293519,0.1657197789482726,0.6259694738384256,1.9953892774510107,1.733694133108,1.156342682286141,0.7516928514242366,1.1610626179612902,1.1662753242666752,2.655898444781421,1.3895260697637144,1.082061370559402,0.9704001368730013,9.72043224984209,1.665156154879784,1.7991206803656572,4.164225642682397
IND,2006,1.3808095952023989,0.7221389305347327,3.4047976011994003,0.8125937031484258,1.7661169415292355,1.7896051974012994,1.9570214892553723,2.975512243878061,2.636681659170415,2.8760619690154923,2.177911044477761,2.2218890554722637,1.7691154422788606,8.274362818590705,3.1379310344827585,0.4352823588205897,0.3498250874562719,0.6776611694152923,1.817591204397801,2.370814592703648,1.4332833583208395,0.4127936031984008,0.9005497251374313,1.6616691654172913,3.3448275862068964,,1.2438780609695153,,7.515742128935532,,,6.775112443778111
IND,2012,1.274153997057381,0.2184894556154978,3.2942618930848453,0.9462972045120157,1.8246689553702795,1.811181951937224,1.9445806768023541,2.982589504659147,2.487003433055419,2.960519862677783,2.25747915644924,2.2614026483570377,1.614271701814615,8.115252574791565,1.7859244727807748,0.2560078469838156,0.4710642471799902,0.21235899950956352,2.1689553702795488,2.0703776360961257,1.364639529180971,0.8307994114762138,0.4700833742030407,1.2442373712604218,3.260421775380088,2.9281510544384504,1.0931829328102012,0.9713094654242276,8.41883276115743,2.3859735164296225,2.1434526728788623,6.1481118195193725
IND,2023,1.316454191541682,0.5036474427878026,4.588220034139411,0.7420661649359179,1.828554942518893,1.973004477861845,1.9759759720465144,2.8888864095743894,2.455235194197814,2.838000391401904,2.531361506320048,2.4171503365993607,1.546831629154201,8.019595704526104,2.01283401341196,0.25639631551146636,0.4730045688783964,0.4226762983596455,1.8627516634684338,2.0236143500444297,1.3399745557675096,0.267966480774344,0.7727394289172159,1.4205007811507342,3.1511793103804275,2.9999459929060777,1.2283869564615224,0.9514783134632561,7.973061184719446,2.491826817706057,2.3770538713716958,6.013233905268695
IRN,2007,1.3100862392200976,0.14285714285714285,2.995875515560555,0.688413948256468,1.8946381702287214,,,,,,2.058867641544807,2.021747281589801,1.4446944131983501,7.576302962129734,1.7904011998500187,0.3123359580052493,0.5890513685789276,0.35170603674540685,2.713535808023997,2.2830896137982752,1.1649793775778028,0.7142857142857143,0.5879265091863517,1.8383952005999251,4.053993250843645,,1.1631046119235096,,9.427071616047995,,,
IRN,2020,1.2741827885256838,0.1734489659773182,3.885256837891928,0.4523015343562375,1.8519012675116744,2.113408939292862,1.9659773182121414,3.0153435623749165,2.4116077384923282,2.9973315543695795,2.4809873248832557,2.3829219479653103,1.4016010673782522,7.6997998665777185,1.496997998665777,0.276184122748499,0.41827885256837893,0.4276184122748499,2.343562374916611,1.961307538358906,1.1127418278852568,0.5450300200133422,0.6484322881921281,1.9506337558372249,3.943295530353569,2.154102735156771,1.171447631754503,0.9933288859239493,9.336891260840561,2.095396931287525,2.2068045363575717,5.865910607071381
IRQ,2006,1.2299148463532026,,,0.6342095520177712,1.5945945945945945,,,,,,,1.430211032950759,1.1595705294335432,6.362458348759719,,,,,2.9481673454276196,,,0.8992965568308035,,1.726767863754165,5.163272861902999,,1.481673454276194,,9.84265087004813,,,
IRQ,2013,1.4533333333333334,0.0525,3.2216666666666667,0.5775,1.6791666666666667,1.7391666666666667,1.9491666666666667,3.1333333333333333,2.8875,3.0766666666666667,2.0933333333333333,1.7866666666666666,1.5166666666666666,6.618333333333333,2.8091666666666666,0.27666666666666667,0.39,0.12666666666666668,2.7775,2.2683333333333335,,0.75,0.17,1.8616666666666666,4.175,2.0525,1.17,0.995,9.798333333333334,1.7225,1.5633333333333332,4.024166666666667
IRQ,2018,1.2633333333333334,0.17416666666666666,6.8125,0.4583333333333333,1.8875,1.8825,1.8541666666666667,3.0775,2.6925,3.03,2.075,1.9033333333333333,1.3033333333333332,7.3075,2.6158333333333332,0.31833333333333336,0.385,0.4241666666666667,3.0416666666666665,2.57,1.1975,0.6233333333333333,0.2891666666666667,2.29,4.526666666666666,1.8825,1.2775,,,1.7091666666666667,1.5216666666666667,5.348333333333334
ITA,2005,1.4258893280632412,0.23616600790513834,5.309288537549407,0.3932806324110672,1.708498023715415,2.2648221343873516,2.283596837944664,3.069169960474308,2.739130434782609,2.6768774703557314,3.035573122529644,2.950592885375494,1.9743083003952568,,1.1798418972332017,0.11067193675889328,0.13932806324110672,0.30237154150197626,2.427865612648221,2.1373517786561265,1.5296442687747036,0.3438735177865613,0.31620553359683795,2.0543478260869565,3.775691699604743,,1.1472332015810276,,7.818181818181818,,,6.1106719367588935
JOR,2007,1.5100884691215275,0.048239496738277536,3.864805572936023,0.42581992528284845,1.6916107966252936,1.7613559419299458,2.0315639485138943,3.050734740678787,2.9517744282651104,2.999824913290729,1.9369646129947222,1.7150164748206753,1.156571928099169,7.567510745594282,1.4761827808711432,0.5151375203501299,0.6627466487683512,0.05966575951866815,2.0361646696334033,2.108849710653429,1.0227785480427798,0.84041526033438,0.05594529028002063,1.3534989785180846,,,1.0792924334611587,,9.91467011340306,,,4.8104245547033075
JOR,2014,1.4908333333333332,0.09166666666666666,3.8466666666666667,0.395,1.8675,1.8666666666666667,1.86,3.1008333333333336,2.8041666666666667,2.841666666666667,1.925,1.6458333333333333,1.2575,6.6066666666666665,1.5975,0.27166666666666667,0.3725,0.13083333333333333,2.1375,2.585,1.1241666666666668,0.7975,0.155,1.89,3.4066666666666667,1.3591666666666666,1.195,1.0,9.7575,1.28,1.1616666666666666,5.689166666666667
JOR,2018,1.4098088113050706,0.13050706566916043,3.3516209476309227,0.3640897755610973,1.8395677472984207,2.009143807148795,1.945137157107232,2.970074812967581,2.57356608478803,2.7024106400665002,2.255195344970906,1.8728179551122195,1.2477140482128013,7.314214463840399,1.5918536990856194,0.24355777223607647,0.27597672485453034,0.13383208645054032,2.1221945137157108,2.5004156275976723,1.0997506234413965,0.772236076475478,0.1255195344970906,2.056525353283458,3.7955112219451372,1.8512053200332501,1.2086450540315876,0.9966749792186201,9.512053200332502,1.2219451371571073,1.1404821280133002,5.214463840399002
JPN,2005,1.6423357664233578,0.19251824817518248,5.026459854014599,0.3239051094890511,1.6122262773722629,,,,,,2.7326642335766422,2.5492700729927007,2.2883211678832116,8.291058394160585,1.6286496350364963,,,0.06386861313868614,2.4708029197080292,2.822080291970803,1.687043795620438,0.055656934306569344,0.16423357664233576,3.3905109489051095,5.1760948905109485,,1.9014598540145986,,4.967153284671533,,,5.25456204379562
JPN,2010,1.5763405648792468,0.13630781825624233,4.694637740483013,0.35120753172329106,1.6094965206713057,2.3962341383544823,2.0458452722063036,3.1653704461727385,3.178059762586983,2.973802701596398,2.7073270568972574,2.604175194433074,2.2030290626279165,7.898485468686042,1.4052394596807205,0.2226770364306181,0.36266884977486696,0.045845272206303724,2.371264838313549,2.859598853868195,1.6172738436348753,0.04379860826852231,0.1584117887842816,3.365124846500205,5.174785100286533,5.021694637740483,1.8812934916086779,0.5955792058943922,4.8542775276299635,2.95702005730659,3.277118297175604,4.387228817028244
JPN,2019,1.8070953436807096,0.0975609756097561,4.869918699186992,0.25055432372505543,1.6467110125646711,2.3488543976348852,2.0199556541019956,3.1374722838137474,3.0399113082039912,2.902439024390244,2.953436807095344,2.8425720620842574,2.199556541019956,8.604582409460459,1.2742054693274205,0.14781966001478197,0.30155210643015523,0.04434589800443459,2.222468588322247,2.6984478935698446,1.6703621581670363,0.04434589800443459,0.15225424981522542,3.350332594235033,5.174427198817443,5.109386548410939,2.0532150776053215,0.5602365114560236,4.550628233555063,3.155949741315595,3.304508499630451,3.943828529194383
KAZ,2011,1.5740353822611164,0.0693391999109664,4.665705527146844,0.8472165378476608,1.616672552216929,2.05763225755495,2.0017129508381784,3.1551417868014906,2.666540028411001,2.494761523850396,2.3806593671426843,2.1602818425483297,1.8188525327741347,8.028000502928437,2.3485634880838684,0.11154568869573343,0.2776101377055842,0.06448871451692269,2.3485911130976587,2.400640954048746,1.3819167928958453,0.10039151725945612,0.11317560850563996,2.3485911130976587,5.595121481759743,5.370192517995163,1.4496258256843375,0.8932417306603379,7.273224371957865,2.762973304692147,2.91656172058961,5.042399239267074
KAZ,2018,1.6755485893416928,0.09796238244514106,4.551724137931035,0.7829153605015674,1.7656739811912225,2.1865203761755487,2.1857366771159876,3.1606583072100314,2.731191222570533,2.622257053291536,2.5133228840125392,2.40282131661442,1.7766457680250785,7.7390282131661445,2.3699059561128526,0.10344827586206896,0.2139498432601881,0.109717868338558,1.9427899686520376,2.2100313479623823,1.5540752351097178,0.15125391849529782,0.09639498432601881,1.8079937304075235,4.271943573667712,4.189655172413793,1.1371473354231976,0.9427899686520376,7.659090909090909,2.3996865203761755,2.4412225705329154,6.101097178683386
KEN,2021,1.1453396524486572,0.48657187993680884,3.6579778830963665,0.8127962085308057,1.9044233807266984,2.292259083728278,2.1627172195892577,3.0860979462875195,2.609794628751975,2.874407582938389,2.830963665086888,2.5774091627172195,1.7606635071090047,6.5600315955766195,3.3562401263823065,0.07109004739336493,0.07109004739336493,0.5813586097946287,2.440758293838863,2.066350710900474,1.3657187993680884,0.5639810426540285,1.6627172195892574,1.6429699842022116,2.3404423380726698,1.6769352290679305,1.0860979462875198,0.9968404423380727,9.031595576619273,2.5181674565560823,1.8641390205371249,5.918641390205371
KGZ,2011,1.446,0.19466666666666665,3.772666666666667,0.846,1.6213333333333333,1.9053333333333333,2.182,3.2046666666666668,3.1013333333333333,2.96,2.3546666666666667,2.207333333333333,1.8373333333333333,7.406666666666666,2.132,0.2806666666666667,0.30666666666666664,0.27466666666666667,2.1033333333333335,2.304,1.788,0.248,0.27466666666666667,2.514,4.649333333333334,3.3066666666666666,1.096,0.9653333333333334,8.327333333333334,1.9833333333333334,2.025333333333333,5.664
KGZ,2020,1.5808477949450543,0.10729968270741849,3.316714954819163,0.7435439173293271,1.8719867965800767,1.9428163353335715,2.1042768252250514,3.115347115160475,2.9263984545960087,2.707843600870912,1.9971670733498583,1.946130374480906,1.3738498561525425,8.071525361249435,1.8539894766850609,0.2568576960016634,0.20886644711494573,0.15338434743859128,2.2198398587176005,2.228287136168325,1.2133797854219512,0.2694227034283675,0.1987248638407716,1.8838051773444695,5.127795710921191,3.3536285021038337,1.2473713868903336,0.971541033499344,9.317928218978752,1.7468787989765402,1.9289636529143785,6.643753130411439
KOR,2005,1.4868616017439245,0.10137527678552796,4.061258424082508,0.7242814828772715,1.717247509362227,2.2029645644099176,2.0301366974451978,3.107362360273527,2.645377802505593,2.8893582054750864,2.5494931216952383,2.4073349988561534,2.0083371302153754,8.09450018410792,1.6455044266755308,0.3625488743658458,0.3836429874107771,0.10729850443854466,2.2630008167941873,2.2356812827550994,1.3978805736119146,0.2147337347139548,0.6105947032736965,2.503957561352237,4.749759885202129,,1.9874687296762752,,5.565856594617961,,,5.6779342375133
KOR,2010,1.4999206716691789,0.14472591875034593,4.348911997284454,0.6434405687910487,1.7351115417214682,2.210850570823065,2.0655219212584726,3.086659853922438,2.7153089948485487,2.8713171099082917,2.691309401441869,2.5872074464050976,2.1244770452248942,7.648225892806182,1.5948958386616319,0.3414674808535298,0.44151818268525755,0.13986827057083812,2.285270070133115,2.3076114410923045,1.5161844261541602,0.2495341079314199,0.6750048202915141,2.5071631264398344,4.885782051950236,4.830111312879809,1.9688401234867297,0.5037925465465695,5.365915642579339,3.09259326456788,2.9545281297732764,5.6926455047328925
KOR,2018,1.7421686746987952,0.061847389558232935,5.544578313253012,0.6088353413654618,1.6706827309236947,2.0971887550200803,2.078714859437751,3.0377510040160645,2.882730923694779,3.02570281124498,2.5261044176706826,2.424899598393574,1.7437751004016064,7.460240963855422,2.014457831325301,0.15180722891566265,0.22008032128514057,0.0642570281124498,2.093975903614458,2.3670682730923693,1.395983935742972,0.09959839357429719,0.3783132530120482,2.4473895582329317,6.048995983935743,6.144578313253012,2.38714859437751,0.40642570281124496,5.036144578313253,3.078714859437751,2.9983935742971886,5.906827309236948
KWT,2014,1.2947045280122793,0.3430544896392939,3.8871834228702995,0.513430544896393,1.70376055257099,1.95088257866462,1.7904834996162702,2.9140445126630854,2.696085955487337,2.59247889485802,2.125863392171911,1.7436684574059862,1.5533384497313891,6.693783576362241,2.4504988488104376,0.28089025326170375,0.37221795855717577,0.4336147352264006,1.8204144282425172,2.1097467382962396,1.5986185725249424,0.7375287797390637,0.44359171143514964,1.738296239447429,,,1.3146584804297774,,,1.5817344589409057,1.4535686876438987,5.704528012279355
LBN,2013,1.5616666666666668,0.22583333333333333,4.366666666666666,0.3983333333333333,1.8925,2.27,2.1216666666666666,2.9783333333333335,2.5841666666666665,2.6858333333333335,2.6025,2.3033333333333332,1.8091666666666666,6.940833333333333,2.7333333333333334,0.36333333333333334,0.4041666666666667,0.29333333333333333,2.8558333333333334,2.6725,,0.3358333333333333,0.3233333333333333,2.6225,3.515833333333333,2.7075,1.375,0.9875,8.310833333333333,2.464166666666667,2.308333333333333,5.7475
LBN,2018,1.3791666666666667,0.06416666666666666,5.001666666666667,0.44416666666666665,1.9008333333333334,2.2958333333333334,2.348333333333333,3.111666666666667,2.7016666666666667,2.890833333333333,2.785833333333333,2.6,1.5333333333333334,7.260833333333333,2.0433333333333334,0.3591666666666667,0.40166666666666667,0.09416666666666666,2.7058333333333335,2.8941666666666666,1.15,0.35333333333333333,0.145,2.5366666666666666,4.001666666666667,2.4383333333333335,1.4416666666666667,0.9958333333333333,9.208333333333334,2.4191666666666665,2.01,5.925833333333333
LBY,2014,1.3109760300328483,0.17202812341623647,3.0411678212106996,0.4137133054903801,1.8929498132332239,1.7902235781323321,1.849081557015486,3.1922338310652276,3.265399704364148,3.1515638155795402,1.905870135147818,1.7229908779915533,1.4463382243078367,6.4791303843266075,2.0675330652275923,0.5514275358986391,0.5901680070389489,0.313897232285312,2.8469820835288595,2.202915712341624,1.2521148052557487,0.7912162989206944,0.12702882590333175,2.3506588756452373,3.8929868775222896,1.3583889127170343,1.2662536222430785,0.9974943552322851,9.724501988737682,1.1949894364148288,1.2687596339746599,4.41080079962459
LBY,2022,1.169732441471572,0.5275919732441472,5.245819397993311,0.4590301003344482,1.9055183946488294,1.890468227424749,1.8361204013377928,3.0911371237458196,3.100334448160535,2.9899665551839463,2.233277591973244,1.8737458193979932,1.3444816053511706,6.607023411371237,1.6906354515050168,0.08444816053511706,0.23244147157190637,0.5434782608695652,2.8653846153846154,2.57190635451505,1.1279264214046822,0.7065217391304348,0.9021739130434783,1.5877926421404682,4.056020066889632,1.160535117056856,1.2466555183946488,0.9991638795986622,9.881270903010034,1.1747491638795986,1.1471571906354514,5.610367892976589
MAC,2019,1.9266862170087977,0.12316715542521994,4.970674486803519,0.6578690127077224,1.5620723362658846,2.1300097751710654,1.975562072336266,2.7673509286412514,2.6363636363636362,2.665689149560117,2.748778103616813,2.7008797653958942,2.0439882697947214,8.084066471163245,2.222873900293255,0.4506353861192571,0.4613880742913001,0.1270772238514174,2.0234604105571847,2.174975562072336,1.5923753665689149,0.07820136852394917,0.2404692082111437,2.450635386119257,6.618768328445748,6.311827956989247,2.450635386119257,0.41642228739002934,4.086021505376344,2.978494623655914,3.0664711632453567,5.378299120234604
MAR,2007,1.1808333333333334,0.08583333333333333,4.261666666666667,0.51,1.8716666666666666,1.7166666666666666,1.8916666666666666,3.1141666666666667,3.085,3.0991666666666666,2.3108333333333335,2.276666666666667,1.6525,7.579166666666667,2.275,0.23166666666666666,0.24333333333333335,0.07166666666666667,2.3316666666666666,2.006666666666667,1.2483333333333333,0.6816666666666666,0.06416666666666666,1.4391666666666667,1.3441666666666667,,1.0816666666666668,,9.595833333333333,,,4.535833333333334
MAR,2011,1.2258333333333333,0.06166666666666667,3.6858333333333335,0.6708333333333333,1.8766666666666667,2.015,2.0433333333333334,3.2291666666666665,3.1475,3.1983333333333333,2.1125,2.0283333333333333,1.4341666666666666,7.885833333333333,2.5825,0.1375,0.1075,0.03916666666666667,2.6691666666666665,2.1816666666666666,1.2216666666666667,0.7758333333333334,0.04833333333333333,1.4566666666666668,,2.0441666666666665,1.11,0.9991666666666666,9.860833333333334,1.5341666666666667,1.7291666666666667,4.873333333333333
MAR,2021,1.2233333333333334,0.3175,4.224166666666667,0.6516666666666666,1.835,2.325833333333333,2.2758333333333334,2.97,2.9066666666666667,2.910833333333333,2.6366666666666667,2.5241666666666664,1.5158333333333334,7.738333333333333,3.2725,0.135,0.23166666666666666,0.3625,2.5058333333333334,2.611666666666667,1.37,0.6716666666666666,0.47833333333333333,2.1083333333333334,3.3325,2.0616666666666665,1.3583333333333334,0.9866666666666667,8.9825,1.5166666666666666,1.5241666666666667,6.089166666666666
MDA,2006,1.6778202676864244,0.1950286806883365,4.509560229445507,0.7944550669216062,1.8202676864244742,2.4694072657743784,2.161567877629063,3.292543021032505,3.0095602294455066,2.817399617590822,2.538240917782027,2.391013384321224,1.847036328871893,8.694072657743785,1.9130019120458892,0.23709369024856597,0.18833652007648183,0.10133843212237094,2.997131931166348,2.623326959847036,1.404397705544933,0.41586998087954113,0.45506692160611856,2.051625239005736,4.737093690248566,,1.1682600382409178,,8.131931166347993,,,6.669216061185469
MDV,2021,1.4359961501443697,0.0904716073147257,3.3099133782483157,0.43118383060635224,1.7863330125120307,2.1145332050048125,1.967276227141482,3.3330125120307987,3.163618864292589,2.9287776708373436,2.5332050048123196,2.428296438883542,1.674687199230029,7.2993262752646775,1.1626564003849855,0.2598652550529355,0.23676612127045235,0.09143407122232916,2.307988450433109,2.0481231953801733,1.1616939364773822,0.8950914340712224,0.09720885466794996,1.9528392685274303,2.87776708373436,1.4302213666987489,1.1482194417709335,0.9990375360923965,9.875842155919154,1.0981713185755535,1.1087584215591915,6.188642925890279
MEX,2005,1.1705128205128206,0.27115384615384613,3.353846153846154,0.24294871794871795,1.8442307692307693,2.498076923076923,2.157051282051282,3.3134615384615387,2.9884615384615385,3.1564102564102563,2.901282051282051,2.807051282051282,1.8192307692307692,8.227564102564102,2.0076923076923077,0.08269230769230769,0.09743589743589744,0.37884615384615383,2.396153846153846,2.2314102564102565,1.3115384615384615,0.38846153846153847,1.1096153846153847,2.003846153846154,3.5852564102564104,,1.2737179487179486,,9.428846153846154,,,7.062179487179487
MEX,2012,1.192,0.2675,3.325,0.3805,1.8755,2.568,2.484,3.445,3.0615,3.2095,2.9885,2.922,1.9585,8.346,1.8235,0.1015,0.1155,0.3105,2.51,2.262,1.551,0.353,1.0435,2.084,3.6485,3.056,1.2765,0.9385,9.369,2.6075,2.61,7.0635
MEX,2018,1.3098106350021743,0.2287571743905803,4.147534345828459,0.39438689660539716,1.894633011795588,2.513730185015467,2.6362551860398797,3.4126583009311418,2.971264751537899,3.1717846523456013,3.1105582967461927,2.9773905255515407,1.9749440622676933,6.9941759281911775,2.1995040130091383,0.11410095364803172,0.13572673407297522,0.25147114392638303,2.6921569994345798,2.5940446613959494,1.70699400039418,0.31536340243562644,0.8251397273530822,2.170975714109408,3.7214742261641724,3.087930638851092,1.3080434813924935,0.9588881386146353,8.585934580574344,2.7513814638108056,2.6692018970648594,6.718650038246635
MLI,2007,1.1427640156453716,0.5319426336375489,4.282920469361147,0.7262059973924381,1.8226857887874837,1.8252933507170794,1.880052151238592,2.769230769230769,2.151238591916558,2.299217731421121,1.7281616688396348,1.8239895697522817,1.5208604954367666,7.885919165580183,4.815514993481095,0.22033898305084745,0.24511082138200782,0.5821382007822686,1.8468057366362451,2.0762711864406778,1.2535853976531943,0.5958279009126467,1.063233376792699,1.3774445893089962,2.468057366362451,,1.0273794002607561,,9.18122555410691,,,6.059322033898305
MMR,2020,1.2716666666666667,0.0375,3.84,0.45666666666666667,1.8491666666666666,2.1591666666666667,2.075833333333333,2.7291666666666665,3.111666666666667,3.1325,2.0008333333333335,2.0391666666666666,1.2275,8.686666666666667,1.5333333333333334,0.7041666666666667,0.7283333333333334,0.5666666666666667,2.069166666666667,1.4966666666666666,1.0883333333333334,0.5258333333333334,0.5125,1.7183333333333333,3.645,2.3491666666666666,1.0541666666666667,0.9891666666666666,9.705,1.2291666666666667,1.405,5.849166666666667
MNG,2020,1.6593216635302837,0.45646840588052884,4.54635909095879,0.7191239128602313,1.7401864495691437,2.0714500957215987,2.0689798993120583,2.960574627916495,3.008435009435036,3.0969503285790885,2.6720027250017053,2.5024028835160195,1.7857817452151943,7.201160375175624,3.2433682495849583,0.20584791691193152,0.29260990180066027,0.40868417822167036,2.6556354858302367,2.6097599801221953,1.4605279328532532,0.18556260927882745,0.5017188199024277,2.9644268831796237,6.201149748800109,5.729825839669916,1.712653707193058,0.6333535429217833,5.41637460876985,2.990555283425878,2.914646441490913,6.146472684141363
MYS,2006,1.3680266444629476,0.12239800166527894,4.4404662781015825,0.4912572855953372,1.9117402164862614,2.0566194837635305,2.1490424646128226,3.2164862614487926,2.7643630308076603,3.130724396336386,2.3705245628642797,2.119067443796836,1.8667776852622815,6.733555370524563,3.0691090757701915,0.20566194837635304,0.5661948376353039,0.186511240632806,2.070774354704413,2.1765195670274773,1.257285595337219,0.5961698584512906,0.4904246461282265,1.5545378850957536,2.006661115736886,,1.1323896752706077,,8.074104912572857,,,6.151540383014155
MYS,2012,1.22,0.09923076923076923,3.6369230769230767,0.43615384615384617,1.9146153846153846,2.0946153846153845,2.0930769230769233,3.3346153846153848,2.8146153846153847,3.2,2.3384615384615386,2.0892307692307694,1.6930769230769231,7.727692307692307,2.246923076923077,0.3130769230769231,0.5969230769230769,0.16,2.306923076923077,2.0938461538461537,1.176923076923077,0.6384615384615384,0.4123076923076923,1.613076923076923,3.252307692307692,2.0546153846153845,1.4715384615384615,0.9838461538461538,9.027692307692307,2.0146153846153845,1.9192307692307693,5.404615384615385
MYS,2018,1.5148514851485149,0.4219345011424219,4.79055597867479,0.32901751713632904,1.8042650418888042,2.1881188118811883,1.987052551408987,3.1195734958111196,2.5163747143945163,2.8217821782178216,2.5826351865955828,2.3137852246763138,1.7745620715917745,5.076161462300076,3.1348057882711347,0.05483625285605483,0.5057121096725057,0.41964965727341963,2.3625285605483626,2.063214013709063,1.2307692307692308,0.597105864432597,0.6808834729626809,1.7966488956587967,3.4577303884234576,2.206397562833206,1.2345773038842345,0.952018278750952,8.456968773800456,1.9345011424219345,1.7966488956587967,6.225437928408225
NGA,2012,1.329688761725699,0.254399716748088,4.293157656204129,0.779756914100492,1.8498756338546067,2.0148887469900503,2.229364804858398,3.0909055920194635,2.6528679710899303,2.8205746607332935,1.9926615674045633,1.8088086546466524,1.4846885127205258,6.912638297359477,2.6116134420951544,0.20895974052523947,0.20118316115592066,0.29694844728787884,2.355593713608576,2.3154869392807136,1.4710621309976422,0.72696440635916,1.7041201714883845,1.368344711391634,1.7238842464773727,1.4068483585783647,1.0430976220801869,0.995056451405674,9.016554921331421,2.024573399561887,1.6060449359965743,6.115498889255006
NGA,2018,1.1677739979780863,0.41796582124422615,4.486357946519912,0.738825163253522,1.8699364792339281,2.3005789041721836,2.3414363375278153,3.023903988315311,2.7099071792063154,2.924690265417193,2.1492075127976134,1.8704654039960253,1.4529682495564877,6.967366710803131,1.9518266513010814,0.15821809508242007,0.13383173997500186,0.3445036053034982,2.698518435764602,2.11637447442142,1.2993218947588956,0.7249520675853198,1.5322522520320303,1.4432630428269593,1.8187728973003385,1.2730377454183235,1.0575531613267417,0.9893853300980928,9.444900143630642,1.9493480739571816,1.5231071563706318,5.452590554128019
NIC,2020,1.3366666666666667,0.29083333333333333,5.115833333333334,0.3258333333333333,1.9575,2.7666666666666666,2.46,3.4491666666666667,2.9133333333333336,3.3358333333333334,2.8491666666666666,2.77,1.8458333333333334,8.225833333333334,1.5858333333333334,0.1975,0.205,0.2733333333333333,2.7683333333333335,2.4383333333333335,1.4341666666666666,0.53,0.9566666666666667,1.9925,3.995833333333333,2.819166666666667,1.3333333333333333,0.9216666666666666,9.555,2.4125,2.1841666666666666,6.760833333333333
NIR,2022,1.9857529648751406,0.44073738197878065,4.492354865012412,0.4697191971720288,1.6011304102377213,1.8340795693161722,1.5144298013355126,2.592881361408258,1.9963589442426446,2.082367242215409,3.404383473172141,3.3807034877074424,2.0330137814467797,9.177530991659616,,0.0375089646807869,0.09458471144009187,0.4409820262625893,2.1748051416758205,2.225637192979013,1.7493037970125733,0.1971355254142147,1.0137098740762698,2.578813885559079,5.205589625688184,4.783828860267548,1.6378177396103522,0.7012733630274258,5.8161022569616385,3.2747685016328,2.966106934478198,4.846619143671136
NLD,2006,1.932817514846826,0.18207419792719823,4.928627070953493,0.2934564125357949,1.5555634968255554,2.183293245570627,1.8221219640614865,2.9797677281667827,2.619633603821243,2.650651519679697,3.1764923121012747,3.142386795228688,1.940719394052483,9.079930028265267,1.2400938771828296,0.07727765678364835,0.08903759035218035,0.2732812845132447,,2.5706548314130964,1.697077921560606,0.09687659146134134,0.4510831414026151,2.938132743524559,6.197369303947384,,1.5189217989498642,,4.581860524970543,,,
NLD,2012,1.92534174553102,0.11461619348054679,4.800736067297581,0.31335436382754994,1.325446898002103,2.1593059936908516,1.926919032597266,2.888538380651945,2.6109358569926395,2.6440588853838065,3.270241850683491,3.164563617245005,2.093059936908517,8.991587802313354,1.2812828601472135,0.08201892744479496,0.1961093585699264,0.18874868559411145,2.2786540483701367,2.6230283911671926,1.8406940063091484,0.13932702418506834,0.4064143007360673,3.0252365930599368,6.368559411146162,5.871188222923239,1.6498422712933754,0.4794952681388013,4.3769716088328074,3.32807570977918,3.521030494216614,3.8622502628811777
NLD,2022,1.985081585081585,0.15104895104895105,4.834965034965035,0.27132867132867133,1.3906759906759907,1.7445221445221446,1.425174825174825,2.327272727272727,2.0214452214452217,2.0536130536130535,3.4792540792540794,3.438694638694639,2.0675990675990676,8.914685314685315,1.2815850815850816,0.046620046620046623,0.20932400932400932,0.18414918414918416,2.2498834498834497,2.5477855477855478,1.8876456876456877,0.07832167832167833,0.3300699300699301,3.011188811188811,6.819114219114219,6.21025641025641,1.7906759906759906,0.37435897435897436,3.7151515151515153,3.335664335664336,3.5342657342657344,3.465268065268065
NOR,2007,1.573658536585366,0.32878048780487806,4.92,0.12682926829268293,1.2585365853658537,1.6273170731707316,1.410731707317073,2.325853658536585,2.091707317073171,2.015609756097561,3.372682926829268,3.448780487804878,1.9853658536585366,9.364878048780488,1.2497560975609756,0.02829268292682927,0.05365853658536585,0.43902439024390244,1.8585365853658538,2.202926829268293,1.7336585365853658,0.08585365853658537,0.46146341463414636,2.528780487804878,6.331707317073171,,1.6546341463414633,,4.214634146341464,,,3.9209756097560975
NZL,2011,1.8097502972651605,0.5469678953626635,3.7348394768133173,0.5017835909631391,1.4304399524375744,,,,,,3.058263971462545,3.0344827586206895,2.0856123662306776,8.79667063020214,1.2925089179548157,0.028537455410225922,0.059453032104637336,0.582639714625446,1.793103448275862,2.2461355529131986,1.680142687277051,0.15933412604042807,0.6397146254458977,2.6076099881093935,6.175980975029726,5.285374554102259,1.61474435196195,0.7098692033293698,5.426872770511296,3.2901307966706304,3.1890606420927465,4.896551724137931
NZL,2020,1.987701040681173,0.4399243140964995,4.0842005676442765,0.467360454115421,1.4058656575212867,1.945127719962157,1.511825922421949,2.5175023651844843,2.160832544938505,2.1352885525070957,3.3614001892147587,3.3509933774834435,2.066225165562914,9.184484389782403,1.1352885525070955,0.027436140018921477,0.04730368968779565,0.5231788079470199,1.7568590350047304,2.2024597918637654,1.7313150425733208,0.12488174077578051,0.48438978240302744,2.7417218543046356,6.562913907284768,5.840113528855251,1.793755912961211,0.5619678334910123,4.458845789971618,3.4777672658467362,3.4172185430463577,3.999053926206244
PAK,2012,1.3753618317583307,0.0474778028610434,4.230024360772839,0.5570272069468926,1.7693023473899283,1.909737842133587,2.145787260266106,2.9503943882665786,3.063291370200481,3.222024212079467,1.8855711835113667,1.9024792544614115,1.305624744091602,7.875413226771352,1.5756114974882462,0.15691963141964,0.2092652171805217,0.07766754300911091,2.2838138660661795,2.7094989555730695,1.3452498307966239,0.7275285201405585,0.24512685543213675,1.138960194369916,3.894010466482652,2.0139974760460273,1.0028960907336764,1.0,9.592324851722298,1.4342813183512675,1.3351919532486283,5.371924786720947
PAK,2018,1.6085213032581454,0.24812030075187969,4.149874686716792,0.3699248120300752,1.7649122807017543,1.97593984962406,1.8576441102756893,2.9669172932330827,3.0731829573934837,3.1609022556390975,1.7904761904761906,1.7699248120300752,1.2200501253132832,7.891729323308271,1.9358395989974937,0.2531328320802005,0.3017543859649123,0.293734335839599,2.3839598997493736,2.1964912280701756,1.2020050125313284,0.5884711779448621,0.3849624060150376,1.1538847117794486,3.387468671679198,1.8546365914786966,1.0546365914786968,0.9854636591478697,9.523809523809524,1.280701754385965,1.2521303258145364,5.147869674185464
PER,2006,1.3432721893939843,0.14368441535963203,4.578453590462201,0.5422714848107096,1.9366061392828218,2.805058489578459,2.5670553400787215,3.516120534989956,3.110885899426175,3.3170401715799853,2.981461513544873,2.9126653586112203,1.9181991768167352,8.926446020129498,,0.059695281692059864,0.05963601769699853,0.2201864623177948,2.9974645728779525,2.5820706221607814,1.2333558605536783,0.45041272179893976,0.6308225660981194,2.2841414009882164,3.596308814307599,,1.1924582412951465,,8.97216365965303,,,6.379981420334881
PER,2012,1.342831382407649,0.11479005834016721,3.8149487550396293,0.16545458894064757,1.9154734459660645,2.8427412419088016,2.6092968085717954,3.6488025371504977,3.3106938912626083,3.486814488820314,3.1002817239762557,3.0850960887635073,1.9853616226565827,8.246374137896668,1.8897649550335527,0.0925109947937519,0.10677681014138217,0.11726268156240269,2.9564612737673155,2.4634684739989585,1.4199680337179517,0.4207580271324968,0.677393929004758,2.0599478044610846,4.114185994683835,3.3318838126242585,1.1733980164759676,0.9798658373509368,8.91175253427281,2.583681856485351,2.4312918886377486,6.334024393686757
PER,2018,1.3442366816377345,0.08236116803413057,3.5782004549154576,0.4354231466551693,1.9583872930986301,2.871815253371245,2.7978353408639363,3.496695212649414,3.0931878651432383,3.369173343205182,3.082851230922078,3.0215195563526582,1.9107879579638147,8.055982521376045,1.4245217081127932,0.0686686600306015,0.18326791794826916,0.08983289493235341,3.0058597046540387,2.621507360494749,1.3351744110681059,0.33531863607717144,0.5992134490934169,2.221857437516754,3.8025642061611795,3.3137201675766965,1.188961926877607,0.9823343467467305,9.10689379671904,2.6935810135965212,2.4127157145135594,6.889881013792523
PHL,2012,1.1154751616666665,0.2871517275,3.734855195833333,0.6952417666666666,1.9684818741666663,2.1860956524999997,2.0430950641666663,3.0545425741666667,2.7613416233333337,2.9616284883333335,2.476963698333333,2.220367483333334,1.6142642083333332,7.6343168666666665,3.4407656208333335,0.21632241500000002,0.1414533758333333,0.46677024,1.7315893933333333,1.8706356725,1.3296350891666666,0.5978328549999999,0.9773286808333334,1.3196733683333333,2.5462972283333336,1.7316301824999998,1.1926212608333333,0.9949221483333333,9.481859932499999,2.1019472366666667,2.2805617849999997,5.637216021666667
PHL,2019,1.0842203391666667,0.18264057083333335,3.6724016550000003,0.61776695,1.9466901541666668,2.0908273133333335,2.014798965833333,2.9221016108333333,2.659966745,2.8914575825,2.50489879,2.3006015866666667,1.4416465933333333,7.346118119166667,3.490469678333334,0.20478075666666667,0.167300155,0.4054403866666667,1.6820018066666667,1.7824512266666666,1.3330199758333334,0.53050445,0.8871143766666667,1.3640901075,2.7294365633333335,1.823611375,1.1531493358333336,0.9968437525000001,9.442641879166667,2.206900561666666,2.2842132591666666,5.532446008333333
POL,2005,1.553229901870804,0.11659962733601491,5.924999647000014,0.21335850146565993,1.810443698582252,2.1973140231074386,2.0487103010515875,2.945507277179709,2.5956059161757636,2.623240378070385,2.7986987830520484,2.552070268917189,1.8707525941698961,9.001537183938511,1.2424873123005076,0.124283400028664,0.13674614353015427,0.13350667665973295,2.350576642976934,2.275049571998017,1.2841808356327666,0.46749344830026207,0.35976334560946616,1.9955789911768405,2.9234253150629876,,1.0686719142531234,,8.731864439725422,,,6.201234678950613
POL,2012,1.4536817795031054,0.10603651138716357,5.700326280538303,0.17870192236024846,1.772172545548654,2.1865333830227742,2.042729354037267,2.929726615942029,2.4562031252587992,2.4607847173913044,2.831998215320911,2.6423005703933744,1.901841628364389,8.872580613871637,1.2929748271221533,0.05453190476190476,0.07219077432712216,0.11702856107660456,2.2864350124223605,2.1954060879917185,1.4109152567287784,0.3950775227743271,0.42617280952380954,2.287674798136646,3.2642833550724637,3.1982149689440993,1.164023982401656,0.9515207691511388,7.953888122153209,2.6209802691511386,2.8033613840579705,4.927316068322981
PRI,2018,1.3984028393966281,0.3318544809228039,4.219165927240462,0.42945874001774625,1.8225377107364684,2.134871339840284,1.9343389529724933,3.100266193433895,2.3700088731144633,2.4259094942324757,3.5039929015084295,3.39396628216504,1.9529724933451642,8.606921029281278,1.256433007985803,0.09228039041703638,0.0940550133096717,0.5093167701863354,2.6539485359361135,1.9414374445430347,1.758651286601597,0.5377107364685004,1.0106477373558118,2.018633540372671,4.127772848269743,2.106477373558119,1.2972493345164153,0.968944099378882,9.327417923691216,3.2058562555456964,2.6823425022182787,7.8314108251996455
PSE,2013,1.512,0.135,3.19,0.43,1.817,2.163,2.149,3.236,3.273,3.244,2.158,1.711,1.452,6.073,2.408,0.44,0.399,0.177,2.639,2.578,,0.762,0.232,2.118,3.653,1.645,1.276,,9.599,1.491,1.339,4.69
QAT,2010,1.224540060941101,,4.860875716169652,0.4890107563653079,1.7848313598780896,1.8527282134066194,1.6941666718254722,2.89905015140728,2.610801940218322,2.3071851066217945,2.137094278895045,1.560614775386872,1.385870830178561,6.949280066243327,1.8489615563977522,0.08779233208332628,0.4597490400107458,0.32732824086360324,1.25935508166649,1.6615158305781177,1.1927903829982107,0.8471958335663444,0.2625795754095015,1.6000885437831074,,,1.0688379630637055,,9.741482477857549,1.0934470562763816,1.1111812713911935,4.416130840980109
ROU,2005,1.5777027027027026,0.02927927927927928,3.374436936936937,0.8333333333333334,1.7995495495495495,2.5287162162162162,2.454954954954955,3.238175675675676,2.9037162162162162,2.918918918918919,2.625,2.475225225225225,1.8885135135135136,9.346846846846846,1.6295045045045045,0.17792792792792791,0.16272522522522523,0.020833333333333332,2.8057432432432434,2.5208333333333335,1.5506756756756757,0.6278153153153153,0.15202702702702703,1.554617117117117,3.9352477477477477,,1.070382882882883,,9.172297297297296,,,6.70945945945946
ROU,2012,1.5604221371364524,0.07316547978742977,3.338176297404179,0.7726571247376641,1.923272331270719,2.6179559780025907,2.4288982960392755,3.3714760147411202,3.0298385310749136,3.0485260494641806,2.7591823085662908,2.590358372820061,1.8275358407001705,8.799516983278224,1.3290743862245218,0.2346753669565708,0.21291092052595015,0.061921480391488426,2.972555618398399,2.6019567042834955,1.4367792429236803,0.5166219474857189,0.2997862910453959,1.922926133602586,4.106953086102527,2.6138868601589396,1.176831987111641,0.9584382498805846,8.93367782552322,2.5282859123610284,2.3738351648733667,5.988791935407706
ROU,2018,1.7386022177254272,0.09729770702015575,3.267268803885065,0.739154575732958,1.8830956895200313,2.6103772252112667,2.344087319518253,3.284216921207696,2.896142044623689,2.9803875906530246,2.843693321100567,2.71863643366891,1.789732155220764,8.308466837420104,1.414632646467553,0.14403020845890677,0.23601229006232624,0.10468118769377346,2.779236955305198,2.582625473598658,1.4045190750409977,0.4950559211309194,0.3007899382833081,1.9915255463506087,3.9859618700134702,3.300510978849886,1.240236216170735,0.9581394843499645,8.56186939755954,2.6947993909740515,2.560370175569105,5.941572858682609
RUS,2006,1.7473312866755435,0.0887990432649395,5.805716262404586,0.8858665462986077,1.737650064945425,2.2639131406443664,1.9759174291952282,3.2493598186250487,2.8683427447260783,2.790140312261079,2.3923775912323246,2.205784933235094,1.8331451061670745,9.1776472798397,1.548741620943897,0.1669306429712716,0.3186847450419335,0.06817293921889937,,2.4328983950041008,1.2805584444403129,0.10972618960959056,0.13873298564148612,2.189976322494119,5.924779877388127,,1.3073945680914538,,6.131606094428461,,,
RUS,2011,1.8352012840000003,0.047110179999999995,4.924161112,0.845085016,1.7038828439999998,2.136624516,1.9882873200000002,3.104878052,2.754802208,2.734580604,2.420055812,2.2603624520000003,2.0228427,8.360653391999998,1.8919829160000001,0.17300824399999998,0.323193556,0.023969051999999998,2.6330221799999998,2.5564887880000002,1.421298676,0.139118788,0.082281196,2.218288684,5.832255052000001,5.573810684,1.4610920559999998,0.819063684,6.686815579999999,2.7807635040000003,2.974192804,5.821504304
RUS,2017,1.9633918946915385,0.06453615785159389,4.781991727071727,0.7578181359626042,1.763489731344483,2.15139504944576,2.0506578306745396,3.0559178560548954,2.7957141714201517,2.757853276858976,2.34548147178533,2.2702017856341836,1.8379441384334627,8.252628342655125,2.155085040786913,0.1569517383503147,0.3227758475648043,0.04045463467558936,2.232247790624005,2.5277828666674407,1.3967358159992302,0.11044869855449975,0.1298178910580128,2.2536853836906863,5.581587583671338,5.242249468691579,1.237441227292773,0.8436465667615494,6.258161562678063,2.662730029802319,2.884437389492557,5.5080692359254195
RWA,2007,1.3722627737226278,0.40809555408095555,5.818181818181818,0.8307896483078965,1.9515593895155938,1.8686131386861313,2.0159256801592567,2.8095554080955543,2.329794293297943,2.6914399469143993,2.4200398142003983,2.4187126741871268,1.8506967485069674,7.795620437956204,2.475779694757797,0.3676177836761778,0.3596549435965494,0.43463835434638354,,2.289316522893165,1.3682813536828136,0.37624419376244195,1.39349701393497,1.9309887193098871,1.3702720637027206,,1.0583941605839415,,9.455872594558725,,,6.57863304578633
RWA,2012,1.4237066142763588,0.37786509495743287,4.004584151931892,0.6922069417157826,1.83366077275704,1.6810740013097576,1.9783889980353635,2.688277668631303,2.6594629993451213,2.8880157170923377,2.524557956777996,2.498362802881467,1.8035363457760314,7.592665356908972,4.220694171578258,0.03470857891290111,0.05435494433529797,0.34577603143418467,1.6083824492468892,2.3745907007203666,1.7367387033398822,0.4223968565815324,0.9764243614931237,2.29011132940406,2.7721021611001966,3.0818598559266537,1.048461034708579,0.9790438768827767,7.702030124426981,2.9986902423051736,2.151277013752456,5.297314996725606
SGP,2012,1.7727690576833632,0.1554119672666151,4.4736789526780685,0.6082349994892342,1.626121671603861,2.0674764600767244,1.80216367538502,2.8630830818024107,2.4077653282552847,2.5305281621538493,2.664085452077958,2.5368661599675995,2.042222302521998,6.751349032091856,2.4567215455435805,0.1267602554637265,0.3577984012366478,0.16316200150115864,1.8889794809259932,2.2871243611087113,1.5316712994080615,0.26175603567039185,0.6614886729139999,2.075083803599784,4.307423201278044,3.7099256111443744,1.399935565295385,0.827880143421016,6.982227884207216,2.9924701975748764,2.769129638759356,5.912539935141097
SGP,2020,1.8540384580744382,0.19922541238841113,4.494163646593186,0.4850259857981065,1.6542153131297808,2.155613515800502,1.8889112206741463,3.0098120424505215,2.522357192036846,2.6327301463706343,2.943817184941161,2.784373648077271,1.9196943563665576,8.139588349595769,1.3286135878551681,0.020948359645311002,0.11258863208779403,0.15727983574585813,1.990370339741553,2.3539177562948925,1.3292764531099475,0.24911402467372165,0.6255064610675712,2.322112030724578,4.4770787980682085,3.8627189737771004,1.5359504190735747,0.8037185003964229,6.700109943629318,2.9486821189430903,2.7304958785584827,5.828471134089303
SRB,2006,1.5065573770491802,0.06967213114754098,5.600819672131148,0.6754098360655738,1.8467213114754097,2.2131147540983607,1.8885245901639345,2.980327868852459,2.60327868852459,2.5672131147540984,2.7983606557377048,2.6368852459016394,2.119672131147541,8.584426229508196,4.80983606557377,0.17950819672131146,0.2442622950819672,0.05245901639344262,3.0114754098360654,2.557377049180328,1.810655737704918,0.25081967213114753,0.23442622950819672,2.3401639344262297,4.5139344262295085,,1.180327868852459,,7.10655737704918,,,7.161475409836066
SRB,2017,1.7609942638623326,0.09177820267686425,5.6978967495219885,0.5,1.8336520076481835,2.202676864244742,1.9521988527724665,2.962715105162524,2.563097514340344,2.5678776290630974,3.0640535372848947,2.9235181644359463,2.01434034416826,8.394837476099426,3.139579349904398,0.2954110898661568,0.5449330783938815,0.14531548757170173,2.372848948374761,2.7724665391969405,1.3451242829827916,0.18738049713193117,0.44072657743785854,2.349904397705545,5.022944550669216,4.875717017208413,1.2820267686424474,0.8718929254302104,6.795411089866157,2.797323135755258,2.977055449330784,5.91491395793499
SVK,2022,1.88041873946562,0.11962407803427315,5.72538441068654,0.6333678909165803,1.7814265630464339,2.0176376682892396,1.993812494182136,2.8719471711534656,2.6238639384403406,2.7073545540649473,2.5844741627054817,2.5097788778922197,1.8184454929538867,8.500815112081296,2.0096597041425173,0.22929266942676835,0.28541576511979394,0.1367194979915346,2.4893292404433436,2.3598408532670647,1.2210493569473766,0.22556112776943055,0.6324248525856045,2.5228482686928793,4.9200896560331095,4.7039825932400445,1.41078407397304,0.7052321082369198,6.0578067798554835,2.5849437302043077,2.8408430570645598,6.002393216660685
SVN,2005,1.6306653809064608,0.1880424300867888,4.15718418514947,0.33751205400192863,1.8225650916104146,2.3018322082931535,2.0115718418514947,3.2854387656702024,2.8823529411764706,2.8727097396335584,3.0144648023143685,2.816779170684667,1.9942140790742526,8.881388621022179,1.5024108003857282,0.1446480231436837,0.1755062680810029,0.2507232401157184,2.5303760848601735,2.6586306653809064,1.3760848601735776,0.16297010607521698,0.4117647058823529,2.7936354869816777,5.054001928640308,,1.3722275795564127,,5.435872709739634,,,4.737704918032787
SVN,2011,1.7062675397567821,0.16557530402245088,4.597754911131899,0.5088868101028999,1.7988774555659495,2.2974742750233865,1.9934518241347052,3.2385406922357345,2.911131898971001,2.8503274087932646,2.9943872778297473,2.9373246024321795,2.021515434985968,8.842843779232927,1.5622076707202994,0.10944808231992516,0.13564078578110383,0.24134705332086062,2.765201122544434,2.7698783910196445,1.4452759588400375,0.23386342376052385,0.27128157156220767,2.9822263797942004,5.316183348924228,5.574368568755847,1.4434050514499532,0.637043966323667,5.0084190832553785,2.9055191768007482,3.2497661365762394,3.6033676333021516
SWE,2006,1.5839875840093378,0.2682957263085445,4.510709614977011,0.1060811070100481,1.324400029228312,1.7041684093135343,1.5162055126793557,2.3061121937464195,1.9719747647884107,1.919652563148772,3.4021272440339017,3.317406844551592,2.0172595923244714,9.843683650244067,1.2078446850818392,0.01425635337168607,0.018202210366656885,0.43705736283518454,1.996360413160872,2.319123013854904,1.9640912482053468,0.060617151876483845,0.6091908823419772,2.459602554779381,6.697010820866212,,1.8414922337346504,,3.8912799810161536,,,3.8122617773192466
SWE,2011,1.601459413800815,0.203465495111082,4.315901255785273,0.13835700924602842,1.3768994770373006,1.9342301890770366,1.6033931360711395,2.4707568301183294,2.0662813988295543,1.9778170550037415,3.3823573959127047,3.3060290042959126,2.0253247311440647,9.48701263732204,1.3964710264462115,0.02824798411893825,0.03471455310235207,0.39589537883653525,2.036189652641534,2.579339118889033,1.9710215415677002,0.043692821982408515,0.48100109156719134,2.5621368697048976,6.782324837868779,6.427037566178382,1.8499842599498575,0.4389456991445863,3.649013502048429,3.526854567003016,3.4510957773904427,3.2103886859964024
THA,2007,1.515645371577575,0.3474576271186441,5.140808344198175,0.2288135593220339,1.5834419817470664,1.9576271186440677,2.181877444589309,3.097131681877445,2.8396349413298565,2.98761408083442,2.5521512385919167,2.4758800521512385,1.9465449804432855,7.584745762711864,2.5254237288135593,0.27444589308996087,0.4315514993481095,0.2777053455019557,1.9726205997392439,2.728161668839635,1.6088657105606259,0.29465449804432853,0.5586701434159062,2.1303780964797916,2.7803129074315516,,1.6466753585397653,,7.97522816166884,,,6.0560625814863105
THA,2013,1.4203314149681316,0.19981828181425287,4.312872178684912,0.7827498880220715,1.6774962819704426,2.0706988049233743,2.1484369447525458,3.144147723468844,3.036675764684288,3.173884640757887,2.72073667067735,2.3876312498679475,1.9869986994681967,8.030493938201861,1.7004335893788602,0.39736697339019883,0.5815665427311536,0.2569219694768068,2.104137418434429,2.302694689282942,1.5399765500308709,0.34689239559036816,0.44275300315573196,1.9496318888780146,3.753495856617065,4.190715032525079,1.6817596999181015,0.33042054469415716,4.21509984675215,2.5398987908560393,2.6610529452438922,6.093880425690777
THA,2018,1.5670342579713308,0.4694184698652592,4.830684387056805,0.6919055286405168,1.6959397043318307,1.9244724379020135,2.0113029385989702,2.9307261439105385,2.756744771754151,2.879986296571183,2.65182875443925,2.541916350398593,1.9262412799264557,7.050971031579501,2.005791558211041,0.32148401655477593,0.3887603185604434,0.44576827429492344,2.1039171249312356,2.181393736899171,1.4636593260247246,0.2033442995064153,0.8330637597301672,2.0411721916439376,4.236623009889543,4.235588458898117,1.7679732082380157,0.45666913482272165,5.094620607731204,2.5214519691444393,2.6141475194269588,5.4196191739763515
TJK,2020,1.5683333333333334,0.3725,5.91,0.7475,1.7941666666666667,1.9966666666666666,2.2575,3.4158333333333335,3.424166666666667,3.2908333333333335,2.1066666666666665,1.9433333333333334,1.4983333333333333,8.543333333333333,2.296666666666667,0.24166666666666667,0.1975,0.31333333333333335,1.6883333333333332,2.1825,1.2291666666666667,0.3308333333333333,0.5025,1.7933333333333332,4.735,3.0033333333333334,1.5908333333333333,0.9991666666666666,8.9925,1.8333333333333333,1.9666666666666666,4.7825
TTO,2006,1.2450466507111053,0.258672088114151,2.781032728148968,0.639378072967028,1.96180934333743,2.4133517076770055,2.0383687933796946,3.173451854098854,2.4035591612887868,2.5246829123670715,3.0689302338789397,2.9035177196742126,1.8363516952827945,8.850797849209295,1.815672693382582,0.024992685304778123,0.04834059125543779,0.3840808828779573,2.8153060047792238,2.335197776681156,1.2172244006857351,0.689465989479344,1.1845681888402058,2.361300270310465,3.5428289263773123,,1.1658441738625338,,9.666807490677847,,,7.8287422825116355
TTO,2010,1.4184184184184183,0.21021021021021022,2.6326326326326326,0.6136136136136137,1.967967967967968,2.3843843843843846,2.078078078078078,3.2472472472472473,2.4284284284284285,2.6056056056056054,3.048048048048048,2.9079079079079078,1.82982982982983,8.462462462462462,1.3613613613613613,0.015015015015015015,0.06806806806806807,0.29429429429429427,2.898898898898899,2.245245245245245,1.2452452452452452,0.6806806806806807,1.1661661661661662,2.048048048048048,3.843843843843844,1.6156156156156156,1.1971971971971973,0.992992992992993,9.711711711711711,3.111111111111111,2.3483483483483485,6.968968968968969
TUN,2013,1.1991701244813278,0.023236514522821577,3.283817427385892,0.7385892116182573,1.8406639004149377,1.9402489626556016,2.0016597510373444,3.3078838174273857,3.42655601659751,3.3941908713692945,2.1136929460580913,1.8265560165975103,1.3643153526970955,7.280497925311203,2.0896265560165976,0.16929460580912864,0.1883817427385892,0.014107883817427386,2.5842323651452284,2.79253112033195,,0.7609958506224066,0.021576763485477178,2.4099585062240663,4.485477178423237,3.163485477178423,1.303734439834025,,9.741078838174273,1.458921161825726,1.349377593360996,5.10954356846473
TUN,2019,1.2359271523178808,0.09602649006622517,3.5596026490066226,0.8104304635761589,1.8567880794701987,2.1995033112582782,2.209437086092715,2.9619205298013247,2.937086092715232,2.943708609271523,2.4776490066225167,2.2135761589403975,1.5463576158940397,6.299668874172186,1.9337748344370862,0.22019867549668873,0.25165562913907286,0.13245033112582782,2.562086092715232,2.5753311258278146,1.1705298013245033,0.8112582781456954,0.09685430463576158,2.4602649006622515,4.508278145695364,2.4014900662251657,1.3973509933774835,0.9975165562913907,7.91887417218543,1.596026490066225,1.2872516556291391,4.795529801324503
TUR,2007,1.6187328737939914,0.04260229624054263,4.542557837848601,0.7883049206311352,1.951036657426697,2.116725086424585,2.0587476523961628,3.231271148493972,2.9838486044689003,3.00757782484563,2.48351555620241,2.3197817726759453,1.6362562677372758,8.734567631904337,1.4900807303060377,0.2993179770194668,0.306424640681676,0.029877719919931652,2.782175470120693,2.275685333158594,1.4815112034538482,0.42153608755303956,0.03667686800320445,2.091048758465917,4.676490980944207,,1.1793110929189383,,9.362853296221894,,,6.434672154927774
TUR,2011,1.7333114510059326,0.030041656662979664,4.385430749390787,0.7203793330823518,1.876782550731894,1.7877533664796448,1.9200243695715813,3.058873310759866,2.8409309373278706,2.827186874806426,2.2015653923697247,2.0349442027567175,1.56647191745436,8.149559893244156,1.4596642068829235,0.35785313399975527,0.30522709464938025,0.03525105698106142,2.406243325116415,2.408764207513329,1.5120258917000235,0.39704980991332167,0.03409149429343703,1.9714130399990517,4.387338450441849,2.351838658866161,1.1604314185185538,0.9914067764223451,9.257286583310957,1.781816958640537,1.8973753083755642,5.965484105057597
TUR,2018,1.7217391304347827,0.08074534161490683,5.218219461697722,0.6521739130434783,1.8579710144927537,2.01407867494824,2.226501035196687,3.001656314699793,2.8438923395445133,2.8732919254658387,2.531262939958592,2.4364389233954453,1.6923395445134575,7.76231884057971,1.801656314699793,0.4186335403726708,0.49358178053830226,0.07329192546583851,2.3130434782608695,2.401656314699793,1.5366459627329192,0.43933747412008284,0.07991718426501035,2.1300207039337473,3.981366459627329,2.6306418219461696,1.2890269151138716,0.9532091097308488,8.139130434782608,1.7664596273291926,1.9925465838509318,5.502277432712216
TWN,2006,1.5106155281173597,0.1757417750611247,3.946131843520782,0.5471340888345558,1.7582594197229016,2.092378772616137,1.8894447718011413,2.9121319828850853,2.583491476772616,2.8369915843520785,2.759862685411573,2.54764719396903,1.7689684498777507,9.018963810105948,1.6090233952730237,0.08088465688671556,0.24124432436837814,0.21543531866340668,2.2702397025264873,2.427843317033415,1.1418832485737571,0.08933805623471883,0.26305315892420533,2.8356831589242053,6.165232676446617,,1.7658031075794618,,6.124014973105135,,,6.74327830806846
TWN,2012,1.5028330060787538,0.44848978920549926,3.9739126524759403,0.403585162869359,1.6923602287812942,2.1133959160101488,1.8240379898354946,2.812186307196831,2.4631208264685682,2.5934468621494524,2.840793691088161,2.823178019716157,1.6877254759204596,8.607873378409419,1.674040747226468,0.08378032532635131,0.2022089602745401,0.5797915995299875,2.1452410786002987,2.0158300356562764,1.1430804929626208,0.08950997157155877,0.6098166272119141,2.2065371436662637,5.7270183970461765,4.18798240443606,1.7260816983317733,0.9050151770154579,6.249127298256984,3.0518947677439847,2.925986484114603,5.683315165710692
TWN,2019,1.488557348798118,0.3410734027902585,4.38394775332164,0.45490805708556303,1.6920821137820319,2.1148808300865367,1.8408688717202923,2.823416391035229,2.480840114173441,2.633459447723453,3.038591723409532,2.9365945114013394,1.7345060293200798,8.414638776040498,1.5576876403075932,0.07643524077265193,0.2166304705507659,0.28116527067198943,2.051056223747021,2.3387481051747856,1.1747121878798157,0.09959586615112749,0.45597793606553916,2.424578852843784,5.31074600639802,4.397308018985154,1.7999164107936099,0.8245515292135235,6.063026610432391,3.1080000296353227,3.0077820539211166,5.484108609657595
UKR,2006,1.8913471355875124,0.07959147403468916,4.91407086988292,0.7676457899793951,1.726024094438313,2.1490743049379653,2.0087753161140784,3.054245160705187,2.7263195814421537,2.6750620177758053,2.4127370863655817,2.339427784412561,1.8939287756210736,8.42441851951744,1.8993506666915583,0.11822387453691036,0.18637943642293264,0.06807053788491697,2.883872415490341,2.5488337631348386,1.43600463266806,0.1555299350218891,0.22242282189149662,2.1178874555325367,5.124814466622587,,1.2239781389117155,,7.218059823834777,,,6.374790763872279
UKR,2011,1.7777885299975487,0.03841018257581171,4.71248736955288,0.8581702903371738,1.7518658512412528,2.033559465015109,1.9759714481451767,2.9172574741986295,2.6505656136710405,2.543901541990449,2.508607804037421,2.364096245652723,1.8974846033735107,8.442191138513754,1.7356867209300946,0.168646106882021,0.19343317123057033,0.03673007629220928,2.8316086783932213,2.473968516601845,1.377075080026882,0.22281093786577288,0.16226660366988105,1.9999901833355715,4.657148596836787,4.484426788884027,1.3655968879772429,0.8782404737611721,7.177372377559099,2.684057366701587,2.8473131994792573,5.882519350118923
UKR,2020,1.8683544410169795,0.12372451295300974,5.055653404451082,0.7164412956482037,1.6923904135612085,2.134055106772936,2.178900738955649,2.9540957603351607,2.6407248439956894,2.586967418659916,2.5948442994441123,2.57967058133915,1.9265814266225136,8.750335193571823,2.006462535509253,0.2632479046209558,0.3087477152578775,0.11307665612817655,2.6581090509236467,2.494748701147747,1.4924542084430388,0.14857736636171404,0.35677602248610785,2.1225841226908715,4.320912507741137,4.2345635677670055,1.4126039009537346,0.8452298405738196,7.064417300780083,2.6888550775266977,2.827193652243704,6.192811941891469
URY,2006,1.368,0.051,5.327,0.223,1.704,2.02,1.901,2.883,2.483,2.492,3.001,2.948,1.874,8.676,1.817,0.039,0.052,0.112,1.821,2.201,1.334,0.182,0.42,2.549,6.585,,1.513,,7.322,,,6.554
URY,2011,1.498,0.056,5.477,0.218,1.849,2.218,2.237,3.09,2.763,2.734,3.117,3.436,1.789,8.395,1.393,0.016,0.017,0.095,2.32,2.048,1.406,0.158,0.362,2.771,6.593,4.119,1.586,0.825,6.637,3.136,2.942,6.491
URY,2022,1.358350644,0.28965162400000005,5.156632702,0.17785140100000002,1.854274209,2.358457514,2.043666863,3.1973318319999997,2.703979639,2.7112876999999997,3.182381291,3.128908938,1.9028442019999998,8.397021120000002,1.479588675,0.006274966,0.032580753000000004,0.43422842800000006,2.085484767,1.950883589,1.4834059830000002,0.08006968,0.43776138,2.793697492,6.734828346,5.257081097,1.6224246789999999,0.7152701890000001,6.441540288000001,3.006463858,2.9207154419999997,6.707872181999999
USA,2006,1.9394667277104896,0.36355993398244907,3.90153733725194,0.6169509144156257,1.6064456764739972,2.127424134742702,1.774409485940249,2.7338698104160586,2.184594445414492,2.247689971543971,3.114076391555945,2.893506296303534,2.2013852126700835,8.524421467926013,1.4617423341163829,0.03976299016471884,0.12797662073945493,0.44588038272685915,2.2351749553508005,2.293418203588093,1.6926975832414386,0.5060453219446084,1.0431419742006052,2.1579149614431303,4.513684007402972,,1.3127872527063016,,8.21514934337285,,,5.818071926121133
USA,2011,1.904523603650423,0.4010358098088322,3.8301352556147434,0.6638994296773846,1.6463058954244265,2.243755796189187,1.7839942295716529,2.8004946081440094,2.293660145067135,2.3407688826963313,3.190885590505674,3.020250260968518,2.1848284328000465,8.224361243150975,1.5166907847872155,0.0561586330177817,0.13644733364097003,0.46197923900236104,2.277379293660145,2.325155573077905,1.752785530919729,0.4305151720152145,0.9811878659719452,2.3176199671157267,4.802954208425362,3.5384105337198206,1.3677617637439683,0.8880277052242984,7.747100225351355,3.092752467440537,2.6669683298462856,5.619935754703033
USA,2017,1.8847954069731665,0.48382747545830396,3.735295567626672,0.6800402861481215,1.6281619187850942,2.234767677215709,1.8078437779283394,2.76774987672602,2.214215938669032,2.2211921232186045,3.225444011144365,3.11673614002988,2.119185027176196,8.380458864385965,1.4039991626548491,0.03482031989702009,0.08517417415534063,0.5166418103683912,2.3853535639482266,2.3046951864256693,1.7861975917644717,0.3224984623237596,0.9311395878678023,2.443833454071585,5.079630120583664,3.7953918633821626,1.4954914435444486,0.8209871131251282,7.034508428524117,3.2061077078888287,2.801737368806851,4.826893217931283
UZB,2011,1.494,0.023333333333333334,3.4446666666666665,0.9266666666666666,1.8573333333333333,1.6946666666666668,1.998,3.3,3.2773333333333334,3.1013333333333333,1.9593333333333334,1.7333333333333334,1.526,8.664666666666667,2.558,0.14,0.12266666666666666,0.016,,1.7746666666666666,1.748,0.05733333333333333,0.06666666666666667,1.696,5.94,6.147333333333333,1.476,0.9866666666666667,8.918666666666667,1.754,2.826,5.365333333333333
UZB,2022,1.532,0.3848,5.9304,0.736,1.656,2.2016,2.4248,3.1848,3.0184,2.9032,2.1736,2.156,1.4176,5.9744,2.4264,0.1416,0.092,0.496,1.5952,2.228,1.4856,0.296,0.404,1.6784,3.6528,2.2968,1.5504,0.9816,8.6944,1.7664,2.0112,5.7904
VEN,2021,1.4428571428571428,0.08739495798319327,5.002521008403361,0.3596638655462185,1.857983193277311,2.3781512605042017,2.4252100840336133,3.2521008403361344,2.842857142857143,3.0016806722689076,3.033613445378151,2.9126050420168066,1.9218487394957984,7.242857142857143,2.0991596638655463,0.07899159663865546,0.10336134453781512,0.11176470588235295,2.795798319327731,2.522689075630252,1.4529411764705882,0.30840336134453783,0.646218487394958,2.053781512605042,4.342016806722689,3.134453781512605,1.4521008403361344,0.9764705882352941,9.110084033613445,3.0050420168067227,2.696638655462185,
VNM,2006,1.705685618729097,0.26755852842809363,3.4535117056856186,0.8889632107023412,1.4809364548494983,1.8046822742474917,2.1558528428093644,2.8949832775919733,2.8501672240802676,2.9986622073578597,2.6408026755852845,2.408026755852843,1.8020066889632107,9.31839464882943,1.6193979933110367,0.3505016722408027,0.36989966555183945,0.27157190635451506,1.6408026755852843,1.5625418060200669,1.4080267558528428,0.06086956521739131,0.17591973244147158,2.31438127090301,5.977257525083612,,1.8461538461538463,,4.812040133779265,,,4.965886287625418
VNM,2020,1.3591666666666666,0.05416666666666667,3.535,0.5175,1.7233333333333334,1.995,2.1333333333333333,2.8725,2.7316666666666665,2.8466666666666667,2.5883333333333334,2.401666666666667,1.6233333333333333,8.251666666666667,2.8016666666666667,0.6241666666666666,0.5275,0.15416666666666667,1.7875,1.9458333333333333,1.1733333333333333,0.05,0.21,1.8583333333333334,5.651666666666666,5.833333333333333,1.81,0.485,6.0275,2.5841666666666665,2.910833333333333,6.26
YEM,2014,1.491,0.101,2.115,0.317,1.6,1.747,1.966,3.042,3.478,3.285,1.891,1.598,1.313,7.221,2.262,0.34,0.242,0.121,2.691,2.457,1.191,0.845,0.118,1.718,4.181,4.485,1.093,,9.862,1.403,1.248,3.408
ZAF,2006,1.3038208357440304,0.21794037278594044,3.6276154571437806,0.7071287978890488,,2.0994072736559564,2.0076184053566593,2.920650710795706,2.3086933039942164,2.574238845215679,2.6741053544848876,2.4985051407160777,1.7652269741168434,7.9893952733312155,2.3939476196909593,0.0804166620385709,0.24789535598834492,0.24110044093363853,2.103205234198976,2.134392583543708,1.3255424142535628,0.5615624421560194,1.3349006368950191,1.6189062830356322,3.467908118685917,,1.198173140344938,,9.130115681229292,,,6.99027559930972
ZAF,2013,1.6149384943082583,0.41206171099335354,4.760091473689136,0.701898915866339,1.7643035603024233,2.0862925240861787,2.253132753575386,2.742241247043429,2.4577877758959183,2.589658372249692,2.528998532381778,2.4374012261410223,1.9175259989518436,7.089156575314,3.913603447877616,0.1920854968327896,0.40929833237838187,0.41604652346591303,2.458338379401434,2.4860790196989067,1.7641929941751004,0.44279922523025517,1.377145540332534,1.8300196994616855,3.090759876060494,2.805850786962891,1.218718548640968,0.982175737103645,8.063226093308115,2.275394744260609,1.8142943215599625,6.835384398919462
ZMB,2007,1.2933333333333332,0.43466666666666665,3.691333333333333,0.8113333333333334,1.886,2.3373333333333335,2.33,3.251333333333333,2.7453333333333334,3.064,2.52,2.456,1.816,7.712,4.35,0.2946666666666667,0.2753333333333333,0.36333333333333334,2.472,2.429333333333333,1.3446666666666667,0.6093333333333333,1.5866666666666667,1.5906666666666667,2.716666666666667,,1.11,,9.186666666666667,,,5.478
ZWE,2012,1.1832704050933185,0.1820924017819143,3.568442599438849,0.7602041143061462,1.9170577334359757,2.2381945509925543,2.2446854766513997,3.289311916385046,2.776009931543859,3.0491910941642173,2.489909156525881,2.2954172675980047,1.7831342532863885,6.951944349199701,2.8021363359220635,0.08066977883503151,0.13692775882518535,0.21359076542531266,2.2761051244044608,1.9322679115340127,1.4174252299104373,0.5964378391287353,1.593722341037262,1.5553129223474416,2.382193998647154,2.224820254265668,1.1064893246576861,0.9939930436499627,9.586002380155058,3.0170758114074,2.031247340003282,5.34703507926957
ZWE,2020,1.1349794238683129,0.27983539094650206,2.4979423868312756,0.7432098765432099,1.9786008230452674,2.241152263374486,2.263374485596708,3.1259259259259258,2.499588477366255,2.8238683127572015,2.842798353909465,2.551440329218107,1.6304526748971193,7.662551440329218,1.9012345679012346,0.05185185185185185,0.04938271604938271,0.33168724279835393,2.8954732510288066,1.8888888888888888,1.2074074074074075,0.5481481481481482,1.0304526748971194,1.97119341563786,2.466666666666667,1.7580246913580246,1.0386831275720165,0.9983539094650206,9.82716049382716,2.6098765432098765,1.7703703703703704,5.5094650205761315
